city,amap_uid,name,lng,lat,type,typecode,address,adname
伊春市,B0FFHPT5GR,兴安森林公园-林都明珠观光塔,128.921642,47.702305,风景名胜;风景名胜;观景点,110209,青山中大街南山公园山上南493米,伊美区
伊春市,B0FFHCL3PO,乌翠区南山森林公园,128.794218,47.716318,风景名胜;公园广场;公园,110101,乌翠区乌带公路基督教堂西南200米,乌翠区
伊春市,B0FFHBBLWW,伊春小兴安岭国家地质公园,128.887141,47.722556,风景名胜;公园广场;公园,110101,黎明路107号西北方向160米,伊美区
伊春市,B0FFGXH6LL,九峰山养心谷,129.568842,47.364039,风景名胜;风景名胜;国家级景点,110202,鹤嫩公路68公里处,金林区
伊春市,B0FFGQ2MDW,俄罗斯风情园,130.395632,48.895094,风景名胜;公园广场;公园,110101,朝阳镇通江路与鸭嘴龙街交叉口西南50米,嘉荫县
伊春市,B0FFFF26WX,乌马河广场,128.803432,47.725657,风景名胜;公园广场;城市广场,110105,林都大街与中心路交叉口西南40米,乌翠区
伊春市,B0FFF4GNVO,东山公园,128.882693,46.955077,风景名胜;公园广场;公园,110101,朗乡镇龙乡大街东山公园(朗乡宾馆东南),大箐山县
伊春市,B01CA0LTQM,滨水公园,129.562658,48.455006,风景名胜;公园广场;公园,110101,汤旺河镇沿河路与国防路交叉口西50米,汤旺县
伊春市,B01CA0LTJJ,汤旺河林海奇石景区,129.446123,48.445762,风景名胜;风景名胜;国家级景点,110202,汤逊公路,汤旺县
伊春市,B01CA00CVP,兴安国家森林公园(伊美区南山公园),128.925442,47.707708,风景名胜;公园广场;公园,110101,扶兴路3号,伊美区
伊春市,B01CA008Q6,溪水国家森林公园,129.00362,47.907793,风景名胜;风景名胜;国家级景点,110202,伊嘉路24公里处上甘岭林业局溪水林场施业区内,友好区
伊春市,B01CA005D4,五营红松林海景区,129.274664,48.22796,风景名胜;公园广场;公园,110101,旅游公路17公里处,丰林县
伊春市,B01CA002TU,茅兰沟国家森林公园,129.763395,49.093116,风景名胜;风景名胜;国家级景点,110202,311省道附近,嘉荫县
伊春市,B01CA002S7,兴安塔,128.921843,47.703567,风景名胜;风景名胜相关;旅游景点,110000,青山中大街93号,伊美区
伊春市,B01CA002D0,中国林都木雕园,128.872768,47.713344,风景名胜;风景名胜相关;旅游景点,110000,前进街道前进街道花园路小兴安岭石苑附近,伊美区
伊春市,B01CA001FV,松涛生态园,128.0601,46.979499,体育休闲服务;度假疗养场所;疗养院|体育休闲服务;休闲场所;采摘园|风景名胜;公园广场;城市广场,080402|080503|110105,松涛街与团结路交叉口东南260米,铁力市
伊春市,B0FFGXJWEW,南岔仙翁山旅游景区,129.391323,47.095543,风景名胜;公园广场;动物园|风景名胜;风景名胜;风景名胜,110102|110200,,南岔县
伊春市,B01CA0M2FA,火山岩地质公园,128.891913,47.729002,风景名胜;公园广场;公园,110101,红升街道红升街道红升街道红升街道红升街道红旗小区18号楼513,伊美区
伊春市,B01CA0LV1J,中华秋沙鸭自然保护区,128.963019,47.086865,风景名胜;风景名胜;风景名胜,110200,乌带公路,大箐山县
伊春市,B01CA00395,黑龙江嘉荫恐龙国家地质公园,130.255843,48.855724,风景名胜;风景名胜;国家级景点,110202,城西9公里处,嘉荫县
伊春市,B0FFGA3HUE,同心广场,129.283194,47.138553,风景名胜;公园广场;城市广场,110105,联合街道联合街道联合街道联合街与迎宾路交叉口北50米,南岔县
伊春市,B01CA002SA,水上公园,128.886091,47.721206,风景名胜;公园广场;公园,110101,黎明路107号西北方向160米伊春小兴安岭国家地质公园,伊美区
伊春市,B01CA002DX,小兴安岭植物园,128.907169,47.743334,风景名胜;公园广场;植物园,110103,迎宾北路与新建街交叉口西北460米,伊美区
伊春市,B01CA004IQ,兴安岭石林,129.451936,48.458962,风景名胜;风景名胜相关;旅游景点,110000,汤旺河林业局石林林场施业区内,汤旺县
伊春市,B01CA002SB,沿河公园,128.909516,47.736351,风景名胜;公园广场;公园,110101,建材路西尽头,伊美区
伊春市,B01CA0M2F3,崇圣讲寺,128.00825,46.990873,风景名胜;风景名胜;寺庙道观,110205,王三路与五一路交叉口西北80米,铁力市
伊春市,B01CA004HX,日月峡国际森林养生中心,128.362222,47.145496,风景名胜;风景名胜;风景名胜,110200,G1111鹤哈高速,铁力市
伊春市,B01CA0M2EJ,天龙禅寺,129.458095,47.407678,风景名胜;风景名胜;寺庙道观,110205,石场街,金林区
伊春市,B01CA0M2G5,健身广场,128.902041,47.732448,风景名胜;公园广场;城市广场,110105,通河路133号,伊美区
伊春市,B01CA0M2I0,清真寺,128.879966,47.724663,风景名胜;风景名胜;回教寺,110207,前进街道回龙湾街亲水家园,伊美区
伊春市,B0FFHBBJAC,文化体育公园,128.667923,47.727172,风景名胜;公园广场;公园,110101,中心西路与广益路交叉口西180米,乌翠区
伊春市,B01CA0LWOL,金蟾岛,128.733659,47.609509,风景名胜;风景名胜相关;旅游景点,110000,西岭大街,乌翠区
伊春市,B0FFG73YMC,小兴安岭第一阁,128.240151,47.102232,风景名胜;风景名胜相关;旅游景点,110000,伊哈线,铁力市
伊春市,B01CA0LVQK,东北抗日联军电讯学校遗址,129.262339,46.675744,风景名胜;风景名胜相关;旅游景点,110000,新东公路东50米,大箐山县
伊春市,B0FFJ1Z0FZ,醉泉,128.910293,47.70059,风景名胜;风景名胜;风景名胜,110200,扶兴路3号兴安国家森林公园(伊美区南山公园)(西南角),伊美区
伊春市,B0LDHDL0UG,马家大院,128.796654,47.711844,风景名胜;风景名胜相关;旅游景点,110000,乌翠区长征街57幢85号,乌翠区
伊春市,B0L0ZAEATC,大箐山县乌带公路永翠河3号观景台,128.846014,47.153189,风景名胜;风景名胜;观景点,110209,乌带公路,大箐山县
伊春市,B0KRJ9DIQG,观涛塔,129.026846,47.911258,风景名胜;风景名胜;风景名胜,110200,溪水国家森林公园内(东侧),友好区
伊春市,B0FFMCS2HY,少奇号小火车,129.210074,48.237486,风景名胜;风景名胜相关;旅游景点,110000,公园路,丰林县
伊春市,B0FFL0OKFN,蝴蝶谷漂流,128.552278,46.666618,风景名胜;风景名胜相关;旅游景点,110000,桃山林业局,铁力市
伊春市,B0FFJZ6JFR,观涛塔,129.213436,48.235696,风景名胜;风景名胜相关;旅游景点,110000,旅游公路17公里处五营红松林海景区内(西侧),丰林县
伊春市,B0FFIPXA8X,响水溪,129.215397,48.248824,风景名胜;风景名胜相关;旅游景点,110000,旅游公路17公里处五营红松林海景区内(西侧),丰林县
伊春市,B0FFIJS4V5,伊春广场,128.845638,47.713429,风景名胜;公园广场;城市广场,110105,青山西大街伊春蓝莓小镇,伊美区
伊春市,B0FFI4SLGE,回龙湾金沙河漂流起点,129.235456,47.701669,风景名胜;风景名胜相关;旅游景点,110000,伊春市伊美区工农委59号,伊美区
伊春市,B01CA005BQ,二八九广场,128.050922,47.002564,风景名胜;公园广场;城市广场,110105,建设西大街5号,铁力市
伊春市,B0FFF4L5F8,恐龙之乡-江边广场,130.40143,48.89708,风景名胜;公园广场;城市广场,110105,江山路20号恐龙之乡,嘉荫县
伊春市,B01CA0039R,江畔公园,130.404002,48.897607,风景名胜;公园广场;公园,110101,朝阳镇临江路21号,嘉荫县
伊春市,B01CA0M340,华润雪花音乐广场,128.885941,47.721432,风景名胜;公园广场;城市广场,110105,环卫路与通江大街交叉口北200米,伊美区
伊春市,B01CA0M2G4,东北抗日联军政治军事学校遗址,128.902281,47.732719,风景名胜;风景名胜相关;旅游景点,110000,通河路,伊美区
伊春市,B0FFGAI169,友好区清真寺,128.836059,47.850504,风景名胜;风景名胜;回教寺,110207,友好大街367号清真寺,友好区
伊春市,B0MAT5VFFV,俄罗斯风情园,129.761941,49.183635,风景名胜;风景名胜;风景名胜,110200,江山街146号,嘉荫县
伊春市,B0M64HILYO,伊春非遗·沧木文创,128.901139,47.732403,风景名胜;风景名胜;风景名胜,110200,林都健身广场第四门市,伊美区
伊春市,B0LUU7K388,木雕长廊,128.878493,47.713399,风景名胜;风景名胜相关;旅游景点,110000,花园路与新欣街交叉口南180米,伊美区
伊春市,B0KUFC73T3,铁力市运动公园,128.081865,46.987996,风景名胜;公园广场;公园,110101,建设东大街与文电路交叉口西南140米,铁力市
伊春市,B0JK6C4CBV,中心广场,129.572842,48.453961,风景名胜;公园广场;公园广场,110100,东风大街49号,汤旺县
伊春市,B0GDHAZI91,佳龙公园,128.914967,47.731839,风景名胜;公园广场;公园,110101,新兴东路北侧,伊美区
伊春市,B0FFLAL1WQ,汤旺河林海奇石景区-氧吧长廊,129.437975,48.438525,风景名胜;风景名胜相关;旅游景点,110000,汤逊公路汤旺河林海奇石风景区内,汤旺县
伊春市,B0FFL920CL,汤旺河林海奇石风景区-听溪,129.447579,48.448463,风景名胜;风景名胜相关;旅游景点,110000,汤逊公路汤旺河林海奇石风景区内,汤旺县
伊春市,B0FFF4CJJT,红松广场,128.900869,47.7179,风景名胜;公园广场;城市广场,110105,青山中大街与通山路交叉口东北120米,伊美区
伊春市,B0MDLAGXFT,梨花谷鹿苑,129.40154,47.39352,风景名胜;风景名胜相关;旅游景点,110000,金林区梨花谷鹿苑,金林区
伊春市,B0LR37DSF9,大丰河漂流,129.707366,47.492476,风景名胜;风景名胜相关;旅游景点,110000,丰岭山庄北侧,金林区
伊春市,B0LKRZ61VF,铁力市鹿野仙踪,128.05036,46.940814,风景名胜;风景名胜;风景名胜,110200,年丰乡年丰村(前韩家),铁力市
伊春市,B0LGTBX8IU,伊春市乌翠区旅游休闲街区,128.814211,47.725151,风景名胜;风景名胜相关;旅游景点,110000,林都大街与通乡路交叉口西80米,乌翠区
伊春市,B0LA5MK7TJ,星月童话村,128.214396,47.092719,风景名胜;风景名胜;风景名胜,110200,哈伊公路,铁力市
伊春市,B0L3PZFTWX,大箐山县乌带公路永翠河1号观景台,128.975668,47.083996,风景名胜;风景名胜;观景点,110209,乌带公路,大箐山县
伊春市,B0L2YPUFL5,观景台-石海,128.997836,46.940205,风景名胜;风景名胜;风景名胜,110200,,大箐山县
伊春市,B0L2TU3VPA,秋枫路(伊美五花山网红打卡地),129.011088,47.841485,风景名胜;风景名胜相关;旅游景点,110000,伊东林场所旁边,伊美区
伊春市,B0KUB7Z12A,茅兰沟景区-观瀑台,129.766237,49.095313,风景名胜;风景名胜;风景名胜,110200,茅兰沟国家森林公园,嘉荫县
伊春市,B0KR4Z14CM,223界碑,130.402381,48.898007,风景名胜;风景名胜;风景名胜,110200,朝阳镇临江路21号江畔公园,嘉荫县
伊春市,B0J1MDZ671,嘉荫北国恐龙乐园,130.263071,48.841269,风景名胜;风景名胜;风景名胜,110200,,嘉荫县
伊春市,B0IDKZHV77,梅花山国家森林公园红松原始林,129.162911,47.891118,风景名胜;风景名胜;风景名胜,110200,伊青林场东侧190米,伊美区
伊春市,B0I3G5H43L,比罗比詹广场,128.860426,47.722546,风景名胜;公园广场;公园广场,110100,林都大街6号,伊美区
伊春市,B0HR99CFOB,神州恐龙博物馆,130.249938,48.854049,风景名胜;风景名胜相关;旅游景点,110000,红光乡恐龙国家地质公园内,嘉荫县
伊春市,B0HR0UUUWI,中国北红玛瑙之乡-乌伊岭,129.445885,48.579281,风景名胜;风景名胜相关;旅游景点,110000,友谊路南,汤旺县
伊春市,B0GR7RHO13,朗乡花海,128.885696,46.96165,风景名胜;风景名胜相关;旅游景点,110000,龙乡大街铁力浪行青年旅社东北,大箐山县
伊春市,B0GDD9WSBM,汤旺河林海奇石风景区-幽谷,129.440966,48.450043,风景名胜;风景名胜相关;旅游景点,110000,石林林场汤逊公路汤旺河林海奇石风景区内,汤旺县
伊春市,B0G31CXPBQ,铁力市儿童公园,128.030381,46.99093,风景名胜;公园广场;公园,110101,东四路与五一大街西北交叉口,铁力市
伊春市,B0FFMCSKAW,天赐湖,129.222541,48.229425,风景名胜;风景名胜相关;旅游景点|生活服务;生活服务场所;生活服务场所,110000|070000,五营国家森林公园内,丰林县
伊春市,B0FFL82UQE,汤旺河林海奇石风景区-观光塔,129.437023,48.446979,风景名胜;风景名胜;观景点,110209,汤逊公路汤旺河林海奇石风景区内,汤旺县
伊春市,B0FFL3N31F,锦绣山水公园,128.856091,47.72283,风景名胜;公园广场;公园,110101,前进街道通山路南山风景林自然保护区,伊美区
伊春市,B0FFJMMVI3,金祖峰景区,129.422344,47.41205,风景名胜;风景名胜相关;旅游景点,110000,222国道西,金林区
伊春市,B0FFI87M0O,金秘洞,129.441996,47.420931,风景名胜;风景名胜相关;旅游景点,110000,金山屯博物馆院内,金林区
伊春市,B0FFI2BRMY,嘉荫广场,130.401016,48.896717,风景名胜;公园广场;城市广场,110105,恐龙之乡-江边广场,嘉荫县
伊春市,B0FFHSKP8A,金山小镇,129.426581,47.408657,风景名胜;风景名胜相关;旅游景点,110000,奋斗街道奋斗街道金山大街,金林区
伊春市,B0FFF438OG,新青国家湿地公园,129.583583,48.320542,风景名胜;公园广场;公园,110101,兴安街道伊嘉公路96.5公里处,丰林县
伊春市,B01CA008QC,峰岩山寨生态旅游度假区,129.55905,47.400151,风景名胜;风景名胜相关;旅游景点,110000,鹤伊公路68.3公里处,金林区
伊春市,B01CA0079R,透龙山景区,128.365456,47.173255,风景名胜;风景名胜相关;旅游景点,110000,铁力林业局207省道日月峡国家森林公园西南430米,铁力市
伊春市,B01CA006LD,西河公园,128.01837,46.980925,风景名胜;公园广场;公园,110101,铁力镇建设西大街521号铁力公园,铁力市
伊春市,B01CA004WR,月牙湖公园,129.280554,47.140613,风景名胜;公园广场;公园,110101,后标营51号,南岔县
伊春市,B0FFHXAG3K,逍遥八仙湖景区,128.251262,46.873223,风景名胜;风景名胜相关;旅游景点,110000,桃山林业局内,铁力市
伊春市,B01CA002DV,北山公园,128.898177,47.738095,风景名胜;公园广场;公园,110101,朝阳街道朝阳街道山河大道与通河路交汇处西行186米,伊美区
伊春市,B01CA001H6,恐龙之乡,130.401125,48.897293,风景名胜;风景名胜;风景名胜,110200,江山路20号,嘉荫县
伊春市,B01CA006L9,铁力公园,128.017603,46.981747,风景名胜;公园广场;公园,110101,铁力镇建设西大街521号,铁力市
伊春市,B0FFL82P06,一线天景观区,129.438356,48.434919,风景名胜;风景名胜相关;旅游景点,110000,汤逊公路汤旺河林海奇石风景区内,汤旺县
伊春市,B0FFKZ51PG,石林河漂流,128.777682,46.959976,风景名胜;风景名胜相关;旅游景点,110000,朗乡镇达里村朗乡石林地质公园内,大箐山县
伊春市,B01CA0M0BU,石林,129.439666,48.434186,风景名胜;风景名胜;风景名胜,110200,汤旺河林海奇石风景区内,汤旺县
伊春市,B01CA0LV0G,飞泷金山鹿苑,129.491744,47.40402,风景名胜;风景名胜相关;旅游景点,110000,鹤嫩公路天龙禅寺东南,金林区
伊春市,B01CA003NS,金山公园,129.448246,47.409444,风景名胜;公园广场;公园,110101,花园东街336号,金林区
伊春市,B01CA001M0,小兴安岭石苑,128.882547,47.715157,风景名胜;风景名胜;风景名胜,110200,前进街道前进街道中国林都木雕园附近,伊美区
伊春市,B0FFG0R9WI,马永顺纪念馆,128.375148,47.188106,风景名胜;风景名胜;纪念馆,110204,铁力林业局铁力林业局伊哈线,铁力市
伊春市,B01CA0LW3Z,革命烈士纪念碑,130.404344,48.875646,风景名胜;风景名胜;纪念馆,110204,恐龙大道,嘉荫县
伊春市,B0MR1HDH69,石林驯鹿园,129.445,48.446182,风景名胜;公园广场;动物园,110102,汤逊公路汤旺河林海奇石景区,汤旺县
伊春市,B0MGMU9ZHK,恐龙乐园,130.40229,48.897273,风景名胜;风景名胜相关;旅游景点,110000,神州龙路5号,嘉荫县
伊春市,B0MD4UIMYF,东山里遗址公园,128.196318,46.923853,风景名胜;公园广场;公园,110101,桃林街5号,铁力市
伊春市,B0MAMX7OTB,鹿幽谷,129.437075,47.414425,风景名胜;风景名胜;风景名胜,110200,花园街与大丰路交叉口东100米,金林区
伊春市,B0LDL9SRQX,南岔县迎宾公园,129.304849,47.132989,风景名胜;公园广场;公园,110101,红星社区北侧,南岔县
伊春市,B0LDH5LIL0,伊春九鑫森林生态产业园景区,129.551313,48.460154,风景名胜;风景名胜;风景名胜,110200,九鑫松悦宾馆西北侧60米,汤旺县
伊春市,B0L3PZG1JK,醉美白桦林,128.801508,47.205567,风景名胜;风景名胜;风景名胜,110200,乌带公路,大箐山县
伊春市,B0L2SA4W2Y,带岭抗日英烈纪念园广场,129.003782,47.016792,风景名胜;公园广场;城市广场,110105,带岭镇西山,大箐山县
伊春市,B0L2J56NX4,伊春乌翠驯鹿欢乐园,128.567769,47.638662,风景名胜;风景名胜相关;旅游景点,110000,哈伊公路乌翠区,乌翠区
伊春市,B0L2AU26RV,白连友烈士塑像,128.898973,47.706831,风景名胜;风景名胜;风景名胜,110200,兴安国家森林公园内,伊美区
伊春市,B0KUFCXL27,中华恐龙塔,130.257515,48.851812,风景名胜;风景名胜;风景名胜,110200,城西9公里处黑龙江嘉荫恐龙国家地质公园(东南角),嘉荫县
伊春市,B0KUFC98LN,恐龙谷,130.250571,48.856904,风景名胜;风景名胜;风景名胜,110200,城西9公里处黑龙江嘉荫恐龙国家地质公园内(西侧),嘉荫县
伊春市,B0KUFC6H31,在水一方休闲文化广场,128.811177,47.725441,风景名胜;公园广场;城市广场,110105,通府路与河西路交叉口南140米,乌翠区
伊春市,B0KUFC5MS5,神州第一恐龙发掘地纪念碑,130.250976,48.854653,风景名胜;风景名胜;纪念馆,110204,城西9公里处黑龙江嘉荫恐龙国家地质公园内(西侧),嘉荫县
伊春市,B0KUFC3JVN,水上公园-西区,128.8857,47.722004,风景名胜;公园广场;公园,110101,水上公园(西北角),伊美区
伊春市,B0KUBRQ3AN,汤旺河林海奇石风景区-弥勒顶,129.448702,48.448273,风景名胜;风景名胜;风景名胜,110200,汤逊公路汤旺河林海奇石风景区内,汤旺县
伊春市,B0KDMRBUCU,伊春市金山腾飞广场,129.425754,47.41284,风景名胜;公园广场;城市广场,110105,金祖峰景区,金林区
伊春市,B0K3DZNWOY,五营清真寺,129.254236,48.118635,风景名胜;风景名胜;回教寺,110207,永康路b5门市,丰林县
伊春市,B0JRKS5DTH,九峰山沧木手工皮划艇露营基地,129.552879,47.36714,风景名胜;风景名胜相关;旅游景点,110000,鹤嫩公路68公里处九峰山养心谷西侧,金林区
伊春市,B0J3NDX8HQ,月亮湾景区,129.39532,49.382756,风景名胜;风景名胜;风景名胜,110200,成才路,嘉荫县
伊春市,B0J0O7DYXW,大箐山县健康主题公园,129.022396,47.033084,风景名胜;公园广场;公园,110101,带岭镇带乌公路与顺发路交汇处北100米,大箐山县
伊春市,B0HRVR0B9Y,古河道,129.438149,48.437014,风景名胜;风景名胜相关;旅游景点,110000,植物苑景观区,汤旺县
伊春市,B0GU7ONOY9,植物苑景观区,129.442294,48.445626,风景名胜;风景名胜相关;旅游景点,110000,汤逊公路汤旺河林海奇石风景区内,汤旺县
伊春市,B0G1NX66IY,百树园,128.057653,46.989325,风景名胜;风景名胜相关;旅游景点,110000,团结路391号,铁力市
伊春市,B0FFMFFVKJ,伊春市地质遗迹景观,129.437652,48.437735,风景名胜;风景名胜相关;旅游景点,110000,汤逊公路汤旺河林海奇石风景区内,汤旺县
伊春市,B0FFLJYGRA,汤旺河林海奇石景区-子午石,129.443823,48.445788,风景名胜;风景名胜相关;旅游景点,110000,汤逊公路汤旺河林海奇石风景区内,汤旺县
伊春市,B0FFLCWWRF,汤旺河林海奇石风景区-风动石,129.440458,48.444901,风景名胜;风景名胜相关;旅游景点,110000,汤逊公路汤旺河林海奇石风景区内,汤旺县
伊春市,B0FFL93VWI,汤旺河林海奇石风景区-镇山钟,129.438055,48.447692,风景名胜;风景名胜相关;旅游景点,110000,汤逊公路汤旺河林海奇石风景区内,汤旺县
伊春市,B0FFL91XDF,汤旺河林海奇石风景区-听泉,129.439025,48.4363,风景名胜;风景名胜相关;旅游景点,110000,汤逊公路汤旺河林海奇石风景区内,汤旺县
伊春市,B0FFL8C04S,汤旺河林海奇石风景区-佛祖峰,129.441213,48.435126,风景名胜;风景名胜相关;旅游景点,110000,汤逊公路汤旺河林海奇石风景区内,汤旺县
伊春市,B0FFL379IC,恐龙之乡-健康主题公园,130.401105,48.896923,风景名胜;公园广场;公园,110101,江山路20号恐龙之乡内(南侧),嘉荫县
伊春市,B0FFG7U3PE,养溪谷生态景区,128.716469,47.535859,风景名胜;风景名胜相关;旅游景点,110000,乌带公路29公里,乌翠区
伊春市,B01CA0M34C,人民广场,128.887314,47.723646,风景名胜;公园广场;城市广场,110105,水上公园(东北角),伊美区
伊春市,B01CA0M2GN,朝阳公园,128.891671,47.7337,风景名胜;公园广场;公园,110101,翠河湾街与朝阳街交叉口东南120米,伊美区
伊春市,B0FFL8BSL7,汤旺河林海奇石风景区-瀑布,129.444774,48.445424,风景名胜;风景名胜相关;旅游景点,110000,汤逊公路汤旺河林海奇石风景区内,汤旺县
伊春市,B0FFILCIF6,神仙摞,128.217022,46.593169,风景名胜;风景名胜相关;旅游景点,110000,,铁力市
伊春市,B0KUFCWY2U,溪水·萌宠牧场,129.003578,47.904586,风景名胜;风景名胜相关;旅游景点,110000,溪水国家森林公园内(南侧),友好区
伊春市,B0KUFCWY1P,弥勒顶景观区,129.441193,48.435678,风景名胜;风景名胜;风景名胜,110200,汤逊公路汤旺河林海奇石景区(西南角),汤旺县
伊春市,B0KUFC8LPW,北美洲园,130.252675,48.856325,风景名胜;风景名胜相关;旅游景点,110000,城西9公里处黑龙江嘉荫恐龙国家地质公园内(西侧),嘉荫县
伊春市,B0FFMF3WPF,嘉荫恐龙国家地质公园-恐龙乐园,130.25192,48.853238,风景名胜;风景名胜相关;旅游景点,110000,红光乡城西9公里处黑龙江嘉荫恐龙国家地质公园(西南角),嘉荫县
伊春市,B0FFL80M5Q,幽谷探险景观区,129.446023,48.449032,风景名胜;风景名胜相关;旅游景点,110000,汤逊公路汤旺河林海奇石风景区内,汤旺县
伊春市,B01CA0017W,中国林都,128.880331,47.713697,风景名胜;风景名胜;风景名胜,110200,小兴安岭石苑(西南角),伊美区
伊春市,B0KRH7QNCR,丰林兴安鹿苑(五营国家森林公园店),129.19395,48.231494,风景名胜;风景名胜;风景名胜,110200,红松林海景区内,丰林县
伊春市,B0KUBRTAZC,汤旺河林海奇石景区-阳石,129.440485,48.44588,风景名胜;风景名胜相关;旅游景点,110000,汤逊公路汤旺河林海奇石景区,汤旺县
伊春市,B01CA0007I,黑龙江省大箐山花岗岩石林地质公园,128.779423,46.96073,风景名胜;公园广场;公园,110101,西汇路与802乡道交叉口东北100米,大箐山县
伊春市,B0L36S9DYE,224界碑,130.497722,48.859919,风景名胜;风景名胜相关;旅游景点,110000,嘉荫驾校东北侧250米,嘉荫县
伊春市,B0JUCU3KV1,宝宇森林生态小镇,128.707387,47.413109,风景名胜;风景名胜相关;旅游景点|体育休闲服务;体育休闲服务场所;体育休闲服务场所,110000|080000,西岭林场乌带公路,乌翠区
伊春市,B0J1JAOQDV,大箐山森林公园,129.075468,47.017195,风景名胜;公园广场;公园,110101,桃南公路,大箐山县
伊春市,B0FFL8905P,铁路公园,128.880706,47.712378,风景名胜;公园广场;公园,110101,花园路与青山西路交叉口西北340米,伊美区
伊春市,B0FFKHNE65,嘉荫县东湖风景区,130.501459,48.846116,风景名胜;风景名胜相关;旅游景点,110000,朝阳镇永安村,嘉荫县
伊春市,B0FFIRCSD6,桃源湖,128.251261,46.873221,风景名胜;风景名胜;海滩,110208,逍遥八仙湖景区,铁力市
伊春市,B0FFIK4Q6B,朗乡万松岩峡谷风景区,129.262018,46.674555,风景名胜;风景名胜相关;旅游景点,110000,新东林场,大箐山县
伊春市,B0FFGQ2OXJ,五营地质公园,129.258218,48.107398,风景名胜;公园广场;公园,110101,中心大街与222国道交叉口西40米,丰林县
伊春市,B01CA0M2FB,水上明珠旅游景区,128.894113,47.731823,风景名胜;风景名胜相关;旅游景点,110000,和平街与通山路交叉口西200米,伊美区
伊春市,B01CA001ZO,八仙湖森林公园,128.560245,46.654719,风景名胜;公园广场;公园,110101,桃山林业局奋斗林场,铁力市
伊春市,B0KUFCQZMR,南郡小广场,128.89477,47.720095,风景名胜;公园广场;城市广场,110105,幸福街与春榆路交叉口西南60米,伊美区
伊春市,B01CA0LTQ0,年轮广场,129.573935,48.444401,风景名胜;公园广场;城市广场,110105,公路客运站东侧150米,汤旺县
伊春市,B0L1ZZLBOL,东升岛竹筏漂流,128.924241,47.751453,风景名胜;风景名胜相关;旅游景点,110000,东升岛度假村附近,伊美区
伊春市,B0KRT1YBNK,回龙湾金沙河漂流止漂点,129.232226,47.633174,风景名胜;风景名胜相关;旅游景点,110000,伊春市伊美区工农委60号,伊美区
伊春市,B0JBPZABVX,东升岛森林冰雪文创园,128.93063,47.747628,风景名胜;风景名胜相关;旅游景点,110000,机场路六合园小区北50米,伊美区
伊春市,B0IDY7V7Y4,丁香园,128.849424,47.734737,风景名胜;公园广场;公园,110101,山珍路6号,伊美区
伊春市,B0I1DDPE7J,环翠公园,129.011938,47.028887,风景名胜;公园广场;公园,110101,,大箐山县
伊春市,B0HBKXUCTM,伊春永安东湖,130.510956,48.852989,风景名胜;风景名胜相关;旅游景点,110000,永安村东1.5公里处,嘉荫县
伊春市,B0HBBB2OS2,林海观音,129.44073,48.446038,风景名胜;风景名胜相关;旅游景点,110000,汤逊公路汤旺河林海奇石风景区内,汤旺县
伊春市,B0FFL27EQY,太平森林公园,129.296664,47.120571,风景名胜;公园广场;动物园|风景名胜;公园广场;公园|风景名胜;风景名胜;风景名胜,110102|110101|110200,太平公园(222国道南),南岔县
伊春市,B0FFK8BNT5,明命寺遗址,128.115773,46.803891,风景名胜;风景名胜;寺庙道观,110205,,铁力市
伊春市,B0FFFP4LMG,太平岛,130.320857,48.873301,风景名胜;风景名胜;风景名胜,110200,,嘉荫县
伊春市,B0JDJSEF07,天恩堂,128.860263,47.721466,风景名胜;风景名胜;教堂,110206,林都大街4号,伊美区
伊春市,B0MAZAD4AE,界江冰雪恐龙乐园,130.253025,48.854675,风景名胜;公园广场;公园,110101,城西9公里处黑龙江嘉荫恐龙国家地质公园内(西侧),嘉荫县
伊春市,B0LR2Z4GOY,铁力河湖长制主题公园,128.01051,46.982197,风景名胜;公园广场;公园,110101,建设西大街587号,铁力市
伊春市,B0FFL8BYUK,弥勒顶景观区-至高点,129.449697,48.4441,风景名胜;风景名胜相关;旅游景点,110000,汤逊公路汤旺河林海奇石风景区内,汤旺县
伊春市,B0FFGQ2RBK,双丰公园,127.75812,46.960941,风景名胜;公园广场;公园,110101,双丰镇育林小区对面,铁力市
伊春市,B0LK3U0FG1,西林清真寺,129.292809,47.494236,风景名胜;风景名胜;回教寺,110207,文明街与迎宾路交叉口西南10米,金林区
伊春市,B0L3PZG8PU,锦绣带岭文化广场,128.712857,47.326897,风景名胜;公园广场;城市广场,110105,乌带公路,乌翠区
伊春市,B0L3NUDU40,伊美区赶山季秋货大集,128.845797,47.713296,风景名胜;风景名胜相关;旅游景点,110000,青山西大街39号,伊美区
伊春市,B0KUFCXL7P,悟能望月,129.440331,48.446062,科教文化服务;培训机构;培训机构|风景名胜;风景名胜相关;旅游景点,141400|110000,汤逊公路汤旺河林海奇石景区,汤旺县
伊春市,B0KUFCQCDC,音乐喷泉,128.886004,47.72205,风景名胜;风景名胜;风景名胜,110200,水上公园内(北侧),伊美区
伊春市,B0HBN6VIIJ,元宝石,129.437981,48.449109,风景名胜;风景名胜相关;旅游景点,110000,汤逊公路汤旺河林海奇石风景区内,汤旺县
伊春市,B0GR7LIPQY,龙乡广场,128.869949,46.950077,风景名胜;公园广场;城市广场,110105,朗乡林业局畅园西路,大箐山县
伊春市,B0FFM9TQMF,汤旺河林海奇石风景区-镇海大将军,129.441276,48.435399,风景名胜;风景名胜相关;旅游景点,110000,汤逊公路汤旺河林海奇石风景区内,汤旺县
伊春市,B0FFL93SKE,绿海,129.444011,48.439629,风景名胜;风景名胜相关;旅游景点,110000,汤逊公路汤旺河林海奇石风景区内,汤旺县
伊春市,B0FFL8BRUK,汤旺河林海奇石风景区-钟馗崖,129.444005,48.450154,风景名胜;风景名胜相关;旅游景点,110000,汤逊公路汤旺河林海奇石风景区内,汤旺县
伊春市,B0FFKONDBS,蜜园服饰,128.900727,47.72383,风景名胜;风景名胜相关;旅游景点,110000,锦源易购街地下三期A74号,伊美区
伊春市,B0FFJ8K7SF,北府华庭休闲广场,128.027093,46.990059,风景名胜;公园广场;城市广场,110105,五一街北府华庭,铁力市
伊春市,B0LRB7OI1Y,红石榴民族团结公园,130.40966,48.895662,风景名胜;公园广场;公园,110101,体育路与红砖路交叉口西40米,嘉荫县
伊春市,B0K3PU68V3,花海,128.835128,47.737658,风景名胜;风景名胜;风景名胜,110200,伊春一中西北侧330米,伊美区
伊春市,B0FFKNR1TM,日月峡国家森林公园,128.360328,47.177174,风景名胜;风景名胜;风景名胜,110200,日月峡镇,铁力市
伊春市,B01CA0M90C,凉水自然保护区,128.892315,47.187605,风景名胜;风景名胜相关;旅游景点,110000,,大箐山县
伊春市,B0K1TAYXWP,净波湖,129.377344,47.391606,风景名胜;风景名胜;风景名胜,110200,三十八沟,金林区
伊春市,B0J1GH95DS,凤凰山公园,129.116074,47.630124,风景名胜;公园广场;公园,110101,美大公路90号,伊美区
伊春市,B0FFG08CRL,基督教堂,128.889131,47.718054,风景名胜;风景名胜;教堂,110206,水上公园南侧,伊美区
伊春市,B0KUFC9V1P,中国第一龙乡石碑,130.250679,48.854198,风景名胜;风景名胜相关;旅游景点,110000,城西9公里处黑龙江嘉荫恐龙国家地质公园内(西侧),嘉荫县
伊春市,B0HDV5XXBA,塞北漓江,129.554106,46.871307,风景名胜;风景名胜;风景名胜,110200,,南岔县
伊春市,B0L6CHI8DY,大雪人,129.450819,47.421698,风景名胜;风景名胜;风景名胜,110200,花园街385号,金林区
伊春市,B0K2UH2DK1,嘉荫县观景平台,129.84109,49.092429,风景名胜;风景名胜;风景名胜,110200,331国道北30米,嘉荫县
伊春市,B0J3KCOOSS,南岔县体育运动主题公园,129.265575,47.147406,风景名胜;公园广场;公园,110101,湖山街南岔公安局西侧,南岔县
大庆市,B01CB0NA1J,吉禾民族赛马场,124.420785,46.840117,体育休闲服务;运动场馆;赛马场|风景名胜;风景名胜;风景名胜,080116|110200,哈萨尔路附近,杜尔伯特蒙古族自治县
大庆市,B0FFGD3Q3U,大庆磐石大教堂,125.125395,46.554678,风景名胜;风景名胜;教堂,110206,龙永路45号,龙凤区
大庆市,B01CB0NUTS,世界石油文化公园,124.860497,46.605754,风景名胜;公园广场;植物园|风景名胜;风景名胜;风景名胜,110103|110200,西湖街140号,让胡路区
大庆市,B01CB0N9EI,登峰广场,124.953059,46.6335,风景名胜;公园广场;城市广场,110105,登峰南路与登峰南二街交叉口西北260米,萨尔图区
大庆市,B0FFFA8CHO,街心公园,125.188662,46.449875,风景名胜;公园广场;公园,110101,化谊路与兴化大街交叉口西80米,龙凤区
大庆市,B01CB01BH9,清真寺,124.456947,46.860449,风景名胜;风景名胜;回教寺,110207,二道街福泰华庭对面,杜尔伯特蒙古族自治县
大庆市,B0FFJGC8M3,葡萄花炼油厂遗址,124.682415,45.910875,风景名胜;风景名胜相关;旅游景点,110000,南垣污油处理厂东南侧170米,大同区
大庆市,B0FFI9ML0D,大庆石油会战指挥部旧址,125.023331,46.605149,风景名胜;风景名胜;纪念馆,110204,中七路32号大庆油田历史陈列馆内,萨尔图区
大庆市,B0FFHQ8X06,大庆烈士纪念碑,125.079883,46.601855,风景名胜;风景名胜;纪念馆,110204,中林街城市森林内,萨尔图区
大庆市,B0FFFA8CM7,哈拉海,124.556549,45.981907,风景名胜;风景名胜;风景名胜,110200,086乡道与立志街交叉口西北340米,大同区
大庆市,B01CB0N9IV,大庆小黑山自然保护区,124.649223,47.017655,风景名胜;风景名胜相关;旅游景点,110000,214省道西北30米,林甸县
大庆市,B0FFJDVISN,大庆市采油十厂公园,125.645931,45.730436,风景名胜;风景名胜;风景名胜,110200,,肇州县
大庆市,B0FFHK364P,富裕正洁寺,124.455629,46.690199,风景名胜;风景名胜;寺庙道观,110205,一心乡林肇公路寿山风景区,杜尔伯特蒙古族自治县
大庆市,B0FFG0KQSH,阿木塔旅游度假区,124.043159,46.564154,体育休闲服务;度假疗养场所;度假村|风景名胜;风景名胜相关;旅游景点,080401|110000,胡吉吐莫镇,杜尔伯特蒙古族自治县
大庆市,B0FFFA8CMF,太清宫,124.79557,46.576095,风景名胜;风景名胜;风景名胜,110200,乘风街道乘风街道宏伟园区西化路化工二街二号,让胡路区
大庆市,B0FFFA8CM4,晨曦林地,124.868723,46.403489,风景名胜;风景名胜;风景名胜,110200,红岗西街西100米,红岗区
大庆市,B0FFFA87MY,奥林匹克公园,125.135783,46.641579,风景名胜;公园广场;公园,110101,火炬街道学伟大街,萨尔图区
大庆市,B01CB0NWLD,鹤鸣湖湿地温泉度假区,124.54101,47.279901,风景名胜;风景名胜;国家级景点,110202,胜利村南,林甸县
大庆市,B01CB0N9D3,连环湖温泉景区,124.10662,46.679256,风景名胜;风景名胜;国家级景点,110202,中直路,杜尔伯特蒙古族自治县
大庆市,B01CB0N891,龙岗中心绿地,124.897676,46.641507,风景名胜;公园广场;公园,110101,西槐路66号,让胡路区
大庆市,B01CB01ARV,燕都湖,124.907938,46.594806,风景名胜;风景名胜;风景名胜,110200,创业大道,让胡路区
大庆市,B01CB018L2,大庆油田历史陈列馆,125.023361,46.605363,风景名胜;风景名胜;红色景区|科教文化服务;展览馆;展览馆,110210|140200,中七路73号,萨尔图区
大庆市,B01CB016T0,果成寺,125.082024,46.605187,风景名胜;风景名胜;寺庙道观,110205,中林街附近,萨尔图区
大庆市,B01CB00YDH,铁人王进喜纪念馆,124.886805,46.609386,风景名胜;风景名胜;纪念馆,110204,中原路2号,让胡路区
大庆市,B01CB00YDE,西海湿地公园,125.050246,45.52633,风景名胜;公园广场;公园,110101,肇源镇政府大街附近,肇源县
大庆市,B01CB00YCV,大庆时代广场,125.097493,46.58351,风景名胜;公园广场;城市广场,110105,东风路19号,萨尔图区
大庆市,B01CB00YCO,铁人公园,124.829605,46.454958,风景名胜;公园广场;公园,110101,八百垧外环路与杏西一路交叉口东北300米,红岗区
大庆市,B01CB00YCN,萨南公园,124.945005,46.521106,风景名胜;公园广场;公园,110101,解放街道图强西二街33号,红岗区
大庆市,B01CB00D8E,天湖公园,124.438087,46.863744,风景名胜;公园广场;公园,110101,杜尔伯特镇天湖国际a区,杜尔伯特蒙古族自治县
大庆市,B01CB0049F,大庆儿童公园,124.995852,46.607567,风景名胜;公园广场;公园,110101,友谊大街7号,萨尔图区
大庆市,B0FFFA8CN9,滨洲湖,125.137827,46.620157,风景名胜;风景名胜;风景名胜,110200,学伟大街与保健路交叉口南380米,龙凤区
大庆市,B0FFFA8CMH,石油馆,125.087526,46.594522,风景名胜;风景名胜;风景名胜,110200,东风路6A号,萨尔图区
大庆市,B01CB019EJ,银河广场,124.879483,46.508977,风景名胜;公园广场;城市广场,110105,银浪街道银龙街与银城路交叉路口往西北约100米,让胡路区
大庆市,B01CB00YDI,净觉寺,125.205201,46.564818,风景名胜;风景名胜;寺庙道观,110205,高新区农场安萨路77号,龙凤区
大庆市,B0FFFA8CMG,扎龙自然保护区-天湖,124.401832,46.878014,风景名胜;风景名胜相关;旅游景点,110000,,杜尔伯特蒙古族自治县
大庆市,B01CB013TQ,大化公园,125.203147,46.471984,风景名胜;公园广场;公园,110101,卧里屯大街80-86号,龙凤区
大庆市,B01CB00YDG,莲花仙境,125.353583,45.484559,风景名胜;风景名胜相关;旅游景点,110000,二站镇莲花仙境(莲花湖旁),肇源县
大庆市,B0FFHXLLX6,龙凤湿地监测塔(不对外开放),125.180278,46.53896,风景名胜;风景名胜相关;旅游景点,110000,龙凤镇龙兴路,龙凤区
大庆市,B0FFF66BMX,圣保罗教堂,124.895541,46.611019,风景名胜;风景名胜;教堂,110206,思源街16号,让胡路区
大庆市,B01CB0NTZI,青龙山绿舟公园,125.145701,46.560677,风景名胜;公园广场;公园,110101,龙兴路与新兴西街交叉口西南220米,龙凤区
大庆市,B01CB0NJNI,明湖,124.876041,46.604352,风景名胜;公园广场;公园,110101,西湖街,让胡路区
大庆市,B01CB018NR,石油广场,124.895171,46.574042,风景名胜;公园广场;城市广场,110105,北方物流乘风街道,让胡路区
大庆市,B01CB00D69,铁人广场,124.885382,46.613641,风景名胜;公园广场;城市广场,110105,西宾街道远望大街68号,让胡路区
大庆市,B01CB00BA9,乘风广场,124.88595,46.535846,风景名胜;公园广场;城市广场,110105,南三路256号,让胡路区
大庆市,B0FFH2Q39I,大庆市采油十厂二区公园,125.645901,45.73438,风景名胜;公园广场;公园,110101,孔家屯附近,肇州县
大庆市,B0FFFA8CM9,华盛园君悦亭,124.968834,46.623769,风景名胜;风景名胜;风景名胜,110200,,萨尔图区
大庆市,B0FFJ8M7HH,东湖八区-西门人行门,124.893586,46.577504,风景名胜;风景名胜相关;旅游景点,110000,东湖八区(东湖街东),让胡路区
大庆市,B01CB0130X,天主堂,124.884735,47.179499,风景名胜;风景名胜;教堂,110206,永宁街与南三道街交叉口东南40米,林甸县
大庆市,B0FFJIJFWJ,湿地鹦鹉园,125.186425,46.538146,风景名胜;风景名胜相关;旅游景点,110000,G301(绥满线),龙凤区
大庆市,B0FFFA8CMB,龙凤生态园,125.056868,46.510817,风景名胜;风景名胜相关;旅游景点,110000,南三路,龙凤区
大庆市,B0FFFA8CHN,东旭园公园,125.111603,46.603429,风景名胜;公园广场;公园,110101,经三街附近,萨尔图区
大庆市,B0FFGZH134,龙虎泡沙滩,124.416047,46.646887,风景名胜;风景名胜;海滩,110208,,杜尔伯特蒙古族自治县
大庆市,B01CB00YD4,西沟里草原,124.491906,46.716848,风景名胜;风景名胜相关;旅游景点,110000,201省道,杜尔伯特蒙古族自治县
大庆市,B0H3M58XS7,巴马活泉(翠庭花园店),125.125864,46.600432,生活服务;生活服务场所;生活服务场所|风景名胜;风景名胜相关;旅游景点,070000|110000,萨尔图区新村黎明河北段西侧C一层3401,萨尔图区
大庆市,B0FFGK1YS1,植物园,125.155976,46.577384,风景名胜;公园广场;植物园,110103,黎明街道科技路107号,龙凤区
大庆市,B01CB019TI,海会楼,125.202782,46.564723,风景名胜;风景名胜相关;旅游景点,110000,新发街1号,龙凤区
大庆市,B01CB0NS33,新城公园,125.158174,46.598487,风景名胜;公园广场;公园,110101,黎明街道大庆市高新区,龙凤区
大庆市,B0FFG46P4G,郭尔罗斯公园,125.088374,45.530256,风景名胜;公园广场;公园,110101,郭尔罗斯大街与健民路交叉口东40米,肇源县
大庆市,B01CB018N0,基督教堂,124.894817,46.56557,风景名胜;风景名胜;教堂,110206,南二路221-1号,让胡路区
大庆市,B0FFFA8CM5,大道园林雕塑,125.002618,46.622922,风景名胜;风景名胜相关;旅游景点,110000,友谊大街与中三路交叉口东南120米,萨尔图区
大庆市,B0FFIMCMMP,乘风庄教堂,124.874959,46.556463,风景名胜;风景名胜;教堂,110206,乘风庄阳光新城C13-8,让胡路区
大庆市,B0FFF66ASP,崇德馆,125.157682,46.581611,风景名胜;风景名胜;风景名胜|科教文化服务;博物馆;博物馆,110200|140100,新风路6-1号大庆服务外包产业园服务外包园A3号楼,龙凤区
大庆市,B01CB00D18,天主教堂,125.245874,45.741006,风景名胜;风景名胜;教堂,110206,双发乡,肇州县
大庆市,B01CB00D99,龙凤公园,125.0978,46.514016,风景名胜;公园广场;公园,110101,东光街道东光街道东光街道东光街道东光街道龙凤街道龙凤大街77号,龙凤区
大庆市,B0FFG73TB6,德力格尔蒙古部落,124.552603,46.809531,风景名胜;风景名胜相关;旅游景点,110000,让杜路与026乡道交叉口东南120米,杜尔伯特蒙古族自治县
大庆市,B01CB0NARF,大庆九八抗洪抢险第三道防线纪念,124.19709,46.484745,风景名胜;风景名胜;纪念馆,110204,201省道西50米,杜尔伯特蒙古族自治县
大庆市,B01CB0N8KG,圣殿,125.11649,46.576161,风景名胜;风景名胜;教堂,110206,万宝街与万兴路交叉口东160米,龙凤区
大庆市,B01CB00YDL,双榆树,125.374285,45.468299,风景名胜;风景名胜;风景名胜,110200,莲花路,肇源县
大庆市,B01CB00YD9,王府草原部落,124.045126,46.32884,风景名胜;风景名胜;风景名胜,110200,,杜尔伯特蒙古族自治县
大庆市,B0FFFA8CHQ,老街基公园,125.284981,45.702034,风景名胜;公园广场;公园,110101,革命烈士陵园对面正南方向200米,肇州县
大庆市,B0FFIOBX4D,大庆市黑龙江伊利乳业工业园景区,124.49196,46.835287,公司企业;公司;公司|风景名胜;风景名胜相关;旅游景点,170200|110000,德力戈尔开发区,杜尔伯特蒙古族自治县
大庆市,B0FFHDEN20,杜尔伯特旗敖包,124.059818,46.370232,风景名胜;风景名胜;风景名胜,110200,,杜尔伯特蒙古族自治县
大庆市,B01CB0NM2V,中山林,125.087656,46.609419,风景名胜;风景名胜相关;旅游景点,110000,机场路附近,萨尔图区
大庆市,B0FFIOUCG7,衍福寺-双塔,124.473381,45.475434,风景名胜;风景名胜相关;旅游景点,110000,民意乡大庙村衍福寺附近,肇源县
大庆市,B0FFFA8CMJ,法雨寺,125.265496,45.693341,风景名胜;风景名胜;寺庙道观,110205,明德大街与尚学路交叉口东南240米,肇州县
大庆市,B0MD3ZEWZ8,黎明湖公园,125.134208,46.586897,风景名胜;公园广场;公园,110101,科技路56号,龙凤区
大庆市,B01CB01DBJ,燕子湖,125.064358,45.518837,风景名胜;风景名胜;风景名胜,110200,政府大街与西海大街交叉口西480米,肇源县
大庆市,B0MAMU69UI,星小象萌宠动物王国,125.137232,46.566453,风景名胜;公园广场;动物园,110102,星耀天地生活中心三楼A3-17-19,龙凤区
大庆市,B0G0U5NZ5D,大庆油田公司第九采油厂文化广场,124.792446,46.395861,风景名胜;公园广场;城市广场,110105,创业东路与元丰路交叉口东南180米,红岗区
大庆市,B0FFL52KX8,中共大庆历史陈列馆,124.998064,46.612316,风景名胜;风景名胜;纪念馆,110204,大庆市萨尔图区友谊大街9号,萨尔图区
大庆市,B0FFJ10U8H,黎明湖-风帆广场,125.136608,46.590453,风景名胜;公园广场;城市广场,110105,发展路五湖新区祥阁花园农行小区西北,龙凤区
大庆市,B01CB0NTZ8,连环湖温泉景区-激情广场,124.207131,46.776219,风景名胜;公园广场;城市广场,110105,环湖路与湖滨路交叉口西60米,杜尔伯特蒙古族自治县
大庆市,B0FFH2M31K,以马内利基督教堂,124.898946,46.645323,风景名胜;风景名胜;教堂,110206,西槐路与青海路交叉口西南420米,让胡路区
大庆市,B01CB0NP2S,黎明社区文体广场,125.129011,46.582588,风景名胜;公园广场;城市广场,110105,黎明街道建设路(黎明小区),龙凤区
大庆市,B0FFFA8CMW,基督教堂,124.885833,46.272114,风景名胜;风景名胜;教堂,110206,杏十一区三排与萨大中路交叉口西280米,红岗区
大庆市,B0MA95BSWA,张龙三湖鱼水族馆,124.897855,46.637716,风景名胜;公园广场;水族馆,110104,西宾路255号博奥时代五楼,让胡路区
大庆市,B0L6DL93IN,千岁万事屋,124.868169,46.625829,风景名胜;风景名胜相关;旅游景点,110000,阳光嘉城四期hs8-99,让胡路区
大庆市,B0KU67W2VD,石庆斗齿,125.002766,46.569503,风景名胜;风景名胜相关;旅游景点,110000,南一路与南一快速路辅路交叉口西南400米,萨尔图区
大庆市,B0G3ZLU9LC,荷池居艺校,125.128136,46.606898,科教文化服务;培训机构;培训机构|风景名胜;风景名胜相关;旅游景点,141400|110000,学伟大街293号,萨尔图区
大庆市,B0FFKQP291,健身公园,125.089289,45.531623,风景名胜;公园广场;公园,110101,健民路肇源县职业高中,肇源县
大庆市,B01CB0N7KJ,湖畔广场,125.149114,46.623027,风景名胜;公园广场;城市广场,110105,滨洲东街五湖新区湖畔广场,龙凤区
大庆市,B01CB01CR4,同福广场,124.811755,46.038053,风景名胜;公园广场;城市广场,110105,同发路与同泉街交叉口北100米,大同区
大庆市,B01CB00YD5,广播电视塔,125.088554,46.599216,风景名胜;风景名胜;风景名胜,110200,东风街道东风路甲一号(广电大厦后身),萨尔图区
大庆市,B0FFJ52CM3,嘎日迪景区,124.124858,46.763871,风景名胜;风景名胜相关;旅游景点,110000,连环湖镇南岗村,杜尔伯特蒙古族自治县
大庆市,B01CB0178P,黎明湖,125.13024,46.594817,风景名胜;公园广场;公园,110101,发展路,龙凤区
大庆市,B01CB00YD7,乘风湖生态园,124.881874,46.52114,风景名胜;风景名胜;风景名胜,110200,崇德路与银龙街交叉口北240米,让胡路区
大庆市,B01CB0NJNL,正法寺,124.876243,46.589611,风景名胜;风景名胜;寺庙道观,110205,远望大街盖家屯附近,让胡路区
大庆市,B01CB01BZR,雁园,124.447495,46.637804,风景名胜;风景名胜相关;旅游景点,110000,201省道西50米,杜尔伯特蒙古族自治县
大庆市,B0FFF367ZF,龙凤湿地公园,125.198632,46.510806,风景名胜;公园广场;公园,110101,,龙凤区
大庆市,B0FFFEJZ30,万宝广场,125.104727,46.575908,风景名胜;公园广场;城市广场,110105,万利街70号,萨尔图区
大庆市,B01CB018RW,七厂公园-葡萄花,124.67115,45.932095,风景名胜;风景名胜相关;旅游景点,110000,庆葡北街七厂公园内(东侧),大同区
大庆市,B01CB0139B,景园公园,124.890005,46.631776,风景名胜;公园广场;公园,110101,西柳路,让胡路区
大庆市,B01CB00YD8,胡吉吐莫草原,124.173551,46.455522,风景名胜;风景名胜;风景名胜,110200,胡吉吐莫镇东,杜尔伯特蒙古族自治县
大庆市,B0FFFA8CAR,广顺兴五十铃,125.009663,46.583997,汽车销售;汽车销售;汽车销售|风景名胜;风景名胜相关;旅游景点|生活服务;生活服务场所;生活服务场所,020000|110000|070000,萨环西路与萨大北路交叉口东北180米,萨尔图区
大庆市,B0FFFA8CME,松杉圃,124.806085,46.133907,风景名胜;公园广场;公园,110101,八一街1号,大同区
大庆市,B01CB00ACC,人民广场,125.076381,45.523415,风景名胜;公园广场;城市广场,110105,福州路,肇源县
大庆市,B01CB00AFA,南湖公园,124.720311,46.300051,风景名胜;公园广场;公园,110101,林源镇街道林源镇街道林源镇街道林源镇建源街35-3号,大同区
大庆市,B0MAJ14YUT,云鲤饰作,125.093633,46.595618,风景名胜;风景名胜相关;旅游景点,110000,金街30号,萨尔图区
大庆市,B0L2ZS3D7S,茶瀑布(大庆大同凯达广场店),124.822675,46.039375,风景名胜;风景名胜相关;旅游景点,110000,盛世凯达购物有限公司S-A01门商服,大同区
大庆市,B0L22AZATZ,艺术邨温泉(暂停开放),125.090629,46.797422,风景名胜;风景名胜相关;旅游景点,110000,拥军街道黑鱼湖旅游景区国际艺术邨园区内,萨尔图区
大庆市,B0FFFWAUO8,红宝石教堂,125.131339,46.619104,风景名胜;风景名胜;教堂,110206,五湖新区红宝石教堂(安宁路北),萨尔图区
大庆市,B0MALD66IQ,炭寻古巷老北京炭火锅(龙凤店),125.155608,46.546011,风景名胜;风景名胜;风景名胜,110200,凯业·学府金街二期三号楼3-12,龙凤区
大庆市,B0FFFA8CMM,慧圆寺,125.117,45.523685,风景名胜;风景名胜;寺庙道观,110205,,肇源县
大庆市,B0FFIATV51,标岗山,124.888304,46.60814,风景名胜;风景名胜相关;旅游景点,110000,中原路2号铁人王进喜纪念馆(东南角),让胡路区
大庆市,B0K3XH0QZ5,猪拉虎,124.883371,46.633572,风景名胜;风景名胜相关;旅游景点,110000,聚贤东街59号,让胡路区
大庆市,B01CB0NJNS,白金宝遗址,124.456495,45.488927,风景名胜;风景名胜相关;旅游景点,110000,民意乡白金宝遗址,肇源县
大庆市,B01CB0NWFK,希望广场,124.292897,45.679373,风景名胜;公园广场;城市广场,110105,创业街与工农路交叉口东100米,肇源县
大庆市,B0MRX9MTRG,阿木塔蒙古风情岛,124.043175,46.564175,风景名胜;风景名胜;风景名胜,110200,胡吉吐莫镇阿木塔旅游度假区,杜尔伯特蒙古族自治县
大庆市,B0MBPS11I6,喜搓搓温泉-济州岛,124.856958,46.628404,风景名胜;风景名胜相关;旅游景点,110000,阳光嘉城二期Ds1号,让胡路区
大庆市,B0MAMO85IA,时代广场,125.100851,46.581571,风景名胜;公园广场;城市广场,110105,时代广场东街13号,萨尔图区
大庆市,B0LKDUNBTN,极光露营地,125.183805,46.621172,风景名胜;风景名胜相关;旅游景点,110000,恒祥街101号,龙凤区
大庆市,B0L6SAS7TC,张素珍墓,124.883553,46.618592,风景名胜;风景名胜;风景名胜,110200,奉献路与远望环岛交叉口东北300米,让胡路区
大庆市,B0L1VXC8W5,龙凤湿地荷花池,125.192525,46.536545,风景名胜;风景名胜;风景名胜,110200,龙凤镇风景街龙凤湿地,龙凤区
大庆市,B0KDVAQ6JE,狐仙堂,124.66712,46.470127,风景名胜;风景名胜;风景名胜,110200,乘风街道兴林村南偏西800米,让胡路区
大庆市,B0K1SP4I6G,果午湖生态区,124.934038,46.609877,风景名胜;风景名胜;风景名胜,110200,西宾路576号,萨尔图区
大庆市,B0K1OALTUN,绿水青山展示区,124.935891,46.588322,风景名胜;风景名胜;风景名胜,110200,南一快速路与南一快速路出口交叉口西北460米,红岗区
大庆市,B0K1HDN034,大庆油田生态园,124.95128,46.61219,风景名胜;风景名胜;风景名胜,110200,西宾路578号,萨尔图区
大庆市,B0JU9M1OVL,兔窝窝兰德湖动物欢乐岛,125.12987,46.633306,风景名胜;公园广场;动物园,110102,兰德湖公园东侧,萨尔图区
大庆市,B0J1YALFN1,明湖商务休闲广场,124.87876,46.609236,风景名胜;公园广场;城市广场,110105,珠江路51号,让胡路区
大庆市,B0IR2723BK,玉皇辇,125.178722,45.571643,风景名胜;风景名胜;风景名胜,110200,007乡道,肇源县
大庆市,B0IGYZ972Y,万宝湖体育公园,125.10174,46.584528,风景名胜;公园广场;公园,110101,时代广场东侧,萨尔图区
大庆市,B0IG27AWPJ,百花园,125.154595,46.585564,风景名胜;公园广场;公园广场,110100,大庆歌剧院后身,龙凤区
大庆市,B0HGNYLNPC,龙凤湿地,125.179237,46.539305,风景名胜;风景名胜相关;旅游景点,110000,龙凤镇风景街,龙凤区
大庆市,B0H3UU7WXJ,青龙湖体育公园,125.134905,46.544768,风景名胜;公园广场;公园,110101,大庆东站东北方向的中轴线上,龙凤区
大庆市,B0H255MN6I,兰德湖公园,125.127446,46.634148,风景名胜;公园广场;公园,110101,萨政路,萨尔图区
大庆市,B0GUJBOE0P,新潮湖公园,124.901792,46.598811,风景名胜;公园广场;公园,110101,开拓街东40米,让胡路区
大庆市,B0FFL3H41G,大庆廉洁文化公园,125.121212,46.663831,风景名胜;公园广场;公园,110101,北二路,萨尔图区
大庆市,B0FFL3F4G0,寿山蒙古风情园,124.462036,46.707238,风景名胜;风景名胜相关;旅游景点,110000,胜利村小林科半岛,杜尔伯特蒙古族自治县
大庆市,B0FFL2PFRH,三永湖公园,125.124767,46.572857,风景名胜;公园广场;公园,110101,富民街与东风路交叉口西南180米,龙凤区
大庆市,B0FFL27ZHL,莲花湖景区,125.35349,45.484584,风景名胜;风景名胜相关;旅游景点,110000,,肇源县
大庆市,B0FFL1RK9Q,大庆油田植物园-动物园,124.861621,46.602736,风景名胜;公园广场;动物园,110102,世界石油文化公园内(南侧),让胡路区
大庆市,B0FFKWC73U,铁人第一口油井,124.942622,46.566523,风景名胜;风景名胜相关;旅游景点,110000,南二西联通2号路铁人王进喜同志纪念馆,红岗区
大庆市,B0FFKSQH5R,院中园,124.8636,46.649517,风景名胜;风景名胜;风景名胜,110200,科学路与学苑街交叉口东60米,让胡路区
大庆市,B0FFKF63EZ,赛车小镇,125.110515,46.666916,风景名胜;风景名胜;风景名胜,110200,机场路与北二路交汇处西700米,萨尔图区
大庆市,B0FFIB0M7B,鹤鸣湖风景区,124.539048,47.28229,风景名胜;风景名胜;风景名胜,110200,三合乡南岗村,林甸县
大庆市,B0FFH4W0FJ,七厂公园,124.661535,45.932611,风景名胜;公园广场;公园,110101,庆葡北街,大同区
大庆市,B0FFGP85W7,大庆油田国家矿山公园,124.922464,46.615979,风景名胜;公园广场;公园,110101,龙十路与西讯街交叉口南400米,萨尔图区
大庆市,B0FFFZQHKK,三永湖永康广场,125.124909,46.573158,风景名胜;公园广场;城市广场,110105,东风路98号附近,龙凤区
大庆市,B0FFFA8CHR,黎明湖-黎明河带状公园,125.129941,46.593071,风景名胜;公园广场;公园,110101,学伟大街黎明河带状公园附近,龙凤区
大庆市,B0FFF4BBSW,林甸温泉欢乐谷,124.857606,47.173649,风景名胜;风景名胜相关;旅游景点,110000,林甸镇县政府西侧,林甸县
大庆市,B01CB0NMLE,西苑,125.099253,46.591376,风景名胜;公园广场;公园,110101,人民西路与体育街交叉口西南20米,萨尔图区
大庆市,B01CB0NJGX,六厂广场,124.932896,46.73504,风景名胜;公园广场;城市广场,110105,北三西路北100米,让胡路区
大庆市,B01CB0N8GW,兰德公园,125.12441,46.620463,风景名胜;公园广场;公园,110101,东风街道新村五湖新区美兰街,萨尔图区
大庆市,B01CB0N5PT,松基三井,124.726662,46.130543,风景名胜;风景名胜相关;旅游景点,110000,,大同区
大庆市,B01CB019GZ,采油五厂生态园,124.890385,46.263646,风景名胜;公园广场;公园,110101,铁人生态工业园区,红岗区
大庆市,B01CB00YCU,油田广场,124.921375,46.615774,风景名胜;公园广场;城市广场,110105,新翔街附近,萨尔图区
大庆市,B01CB00FRL,城市森林公园,125.080419,46.603444,风景名胜;公园广场;公园,110101,中林街与中三路交叉口西南440米,萨尔图区
大庆市,B01CB00DFE,喇嘛甸公园,124.934026,46.729334,风景名胜;公园广场;公园,110101,让林路东,让胡路区
大庆市,B0FFG0JPW1,大庙风景名胜区,124.47383,45.4784,风景名胜;风景名胜;寺庙道观,110205,018县道东50米,肇源县
大庆市,B01CB00YDJ,极乐庵,125.280169,45.700785,风景名胜;风景名胜;寺庙道观,110205,南环东路150号,肇州县
大庆市,B0MU67V6F8,圣一堂,124.875012,46.553626,风景名胜;风景名胜;教堂,110206,乘风阳光新城4号公寓8号房,让胡路区
大庆市,B0MR1SDBGA,三元宫传统文化,125.110601,46.643035,风景名胜;风景名胜;风景名胜,110200,萨庆路内机场路65号,萨尔图区
大庆市,B0MGVDE4K5,藏榔阁,125.13896,46.625381,风景名胜;风景名胜相关;旅游景点,110000,学伟大街108号商服,龙凤区
大庆市,B0MBYZ56JO,仙花日志,124.872775,46.636275,购物服务;花鸟鱼虫市场;花卉市场|风景名胜;风景名胜相关;旅游景点,060501|110000,让胡路区阳光佳苑二期23号底层商服公寓楼商服13号,让胡路区
大庆市,B0MAUDSAMS,大庆市萨尔图区喷泉草花店,125.016237,46.597925,风景名胜;风景名胜相关;旅游景点,110000,会战大街金盛商厦裙房商服一层12号,萨尔图区
大庆市,B0M63U927V,唐时有方,125.15293,46.545959,风景名胜;风景名胜相关;旅游景点,110000,欣凤学城三期42号楼2单元102室,龙凤区
大庆市,B0LRSU4SWN,肆别堂,125.095931,46.593353,风景名胜;风景名胜相关;旅游景点,110000,经三街7号,萨尔图区
大庆市,B0LGVZJNQ3,灵应宫,125.205168,46.561197,风景名胜;风景名胜;风景名胜,110200,翔安大街10号净觉寺前200米,龙凤区
大庆市,B0L2U5EP53,肇州县六烈士纪念碑,124.997186,45.792827,风景名胜;风景名胜;纪念馆,110204,永乐镇六烈村村口路北,肇州县
大庆市,B0L0XSKQGW,巴彦查干王爷府,124.061887,46.336748,风景名胜;风景名胜;风景名胜,110200,035乡道,杜尔伯特蒙古族自治县
大庆市,B0L0XHM2SK,贝子府遗址,124.358371,46.668377,风景名胜;风景名胜;风景名胜,110200,101乡道,杜尔伯特蒙古族自治县
大庆市,B0L0C104TD,哈尔滨医科大学(大庆校区)-哈医大标志,125.168275,46.594875,风景名胜;风景名胜相关;旅游景点|科教文化服务;科教文化场所;科教文化场所,110000|140000,园丁二路与园丁三路交叉口北360米,龙凤区
大庆市,B0L04AW4DF,银浪生态旅游度假区,124.828464,46.552903,风景名胜;风景名胜;风景名胜,110200,南三路60号,让胡路区
大庆市,B0K22DFVFG,马家大院,124.887901,46.350428,风景名胜;风景名胜相关;旅游景点,110000,杏树岗镇金山堡村前丁家窑屯杏六路南1010米,红岗区
大庆市,B0J2VUKDH6,袁寿山将军墓,124.451177,46.703602,风景名胜;风景名胜;风景名胜,110200,,杜尔伯特蒙古族自治县
大庆市,B0J2CS7XXR,他拉红休闲广场,124.230125,46.757385,风景名胜;公园广场;公园广场,110100,府前路,杜尔伯特蒙古族自治县
大庆市,B0J1O7DC71,荷塘清韵,125.120571,46.669665,风景名胜;风景名胜;风景名胜,110200,北二路大庆廉洁文化公园内(北侧),萨尔图区
大庆市,B0G1OAEP0U,共修院慈善爱心广场,124.88535,46.666704,风景名胜;公园广场;城市广场,110105,西晓街9号,让胡路区
大庆市,B0G0HCI4OI,大庆市红岗区基督教堂,124.88537,46.411477,风景名胜;风景名胜;教堂,110206,红岗北九街与萨大中路交叉口西240米,红岗区
大庆市,B0FFL0H97H,乘风湖生态园-览秀亭,124.886507,46.527188,风景名胜;风景名胜相关;旅游景点,110000,乘风湖生态园(东北角),让胡路区
大庆市,B0FFIPIBHW,天湖,124.396792,46.867106,风景名胜;风景名胜相关;旅游景点,110000,扎龙自然保护区-天湖内(西南角),杜尔伯特蒙古族自治县
大庆市,B0FFIB3IQ6,卡丁车(鹤鸣湖温泉风景区),124.540109,47.279398,风景名胜;风景名胜;风景名胜,110200,胜利村南鹤鸣湖湿地温泉度假区(西南角),林甸县
大庆市,B0FFIAYCJK,水上乐园大滑梯(鹤鸣湖风景区),124.540299,47.27956,风景名胜;风景名胜相关;旅游景点,110000,胜利村南鹤鸣湖湿地温泉度假区(西南角),林甸县
大庆市,B0FFHYOGPY,大般若禅寺,124.890926,47.102582,风景名胜;风景名胜;寺庙道观,110205,林甸镇和平村,林甸县
大庆市,B0FFG49MWT,馨屿广场,125.082874,45.530421,风景名胜;公园广场;城市广场,110105,郭尔罗斯大街与松花江大街交叉口西80米,肇源县
大庆市,B0FFFA8CMT,以马内利大庆基督教喇嘛甸教会,124.798424,46.694045,风景名胜;风景名胜;教堂,110206,093乡道南50米,让胡路区
大庆市,B0FFFA8CMK,佛光寺(松江南四路),125.06591,45.502396,风景名胜;风景名胜;寺庙道观,110205,松江南四路与松花江大街交叉口东南340米,肇源县
大庆市,B01CB0NB2F,愉景广场,125.142899,46.625739,风景名胜;公园广场;城市广场,110105,滨湖中路与滨洲西街交叉口西280米,龙凤区
大庆市,B01CB0N7FQ,九八抗洪纪念广场,124.807456,45.719296,风景名胜;公园广场;城市广场,110105,201省道东50米,肇源县
大庆市,B01CB019GC,基督福音堂,125.198413,46.458271,风景名胜;风景名胜;教堂,110206,化祥路6号,龙凤区
大庆市,B01CB0130Y,净土寺,124.419842,46.836299,风景名胜;风景名胜;寺庙道观,110205,哈萨尔路,杜尔伯特蒙古族自治县
大庆市,B01CB0033D,基督教堂,125.008095,46.637585,风景名胜;风景名胜;教堂,110206,,萨尔图区
大庆市,B0MUKHXEZK,固山水林间,124.332933,46.677816,风景名胜;风景名胜相关;旅游景点,110000,固山贝子草原东南侧,杜尔伯特蒙古族自治县
大庆市,B0MRT5XVW3,高新花海,125.157567,46.579147,风景名胜;风景名胜;风景名胜,110200,发展路与新兴大街交叉口西北160米,龙凤区
大庆市,B01CB01M7S,色氏湿地人家度假村,124.514623,47.297343,风景名胜;风景名胜;省级景点,110203,三合乡南岗村鹤鸣湖风景区(西北角),林甸县
大庆市,B0LRLKLOKS,黎明湖沙滩特色市集,125.134762,46.588068,风景名胜;风景名胜相关;旅游景点,110000,发展路黎明湖(东南角),龙凤区
大庆市,B0G2MGXWSC,湿地粮仓(湿地福苑店),125.12674,46.523465,购物服务;综合市场;农副产品市场|风景名胜;风景名胜相关;旅游景点,060703|110000,湿地福苑凤华街15号,龙凤区
大庆市,B01CB0N6PA,滨湖广场,125.148649,46.621785,风景名胜;公园广场;城市广场,110105,滨洲湖,龙凤区
大庆市,B0K1UREH1M,长颈鹿磕头机,125.086516,46.584436,风景名胜;风景名胜;风景名胜,110200,中宝路88号,萨尔图区
大庆市,B0K17MTL1R,石油之光雕塑,125.040286,46.599804,风景名胜;风景名胜;风景名胜,110200,中七路230号,萨尔图区
大庆市,B0J3XZ609H,克尔台湖水岸渔村,124.250839,46.908127,风景名胜;风景名胜;风景名胜,110200,007县道南400米,杜尔伯特蒙古族自治县
大庆市,B0FFL6GPXI,街心公园,125.111795,46.525805,风景名胜;公园广场;公园,110101,龙七路与龙城街交叉口西140米,龙凤区
大庆市,B0FFKITK6H,鲨鱼湖,124.933175,46.600734,风景名胜;公园广场;公园,110101,,萨尔图区
大庆市,B0FFHW9Q0C,银沙湾生态旅游景区,124.082373,46.561233,风景名胜;风景名胜相关;旅游景点,110000,胡吉吐莫镇东吐莫村东北约2.3公里,杜尔伯特蒙古族自治县
大庆市,B0FFFTASUM,龙南中心绿地,124.899541,46.623808,风景名胜;公园广场;公园广场,110100,龙十路与明园街交叉口北160米,让胡路区
大庆市,B0FFFPJFWK,北国温泉,124.863798,47.176353,住宿服务;宾馆酒店;宾馆酒店|风景名胜;风景名胜相关;旅游景点,100100|110000,王仔温泉小镇庆丰街附近,林甸县
大庆市,B01CB0N9SA,怡山园,125.095796,46.60811,风景名胜;公园广场;公园,110101,纬十一路9号,萨尔图区
大庆市,B01CB016YJ,创业广场,124.840233,46.45115,风景名胜;公园广场;城市广场,110105,八百垧街道八百垧中路创业广场,红岗区
大庆市,B01CB00YCP,绿化园地,124.906551,46.402397,风景名胜;公园广场;公园,110101,,红岗区
大庆市,B0FFFA8CMN,善缘居,125.109559,45.529486,风景名胜;风景名胜相关;旅游景点,110000,明沈线,肇源县
大庆市,B01CB019TH,净业莲院,125.202868,46.564302,风景名胜;风景名胜;寺庙道观,110205,新发街1号,龙凤区
大庆市,B01CB00YCW,肇州县主题文化广场,125.263739,45.705352,风景名胜;公园广场;城市广场,110105,文化街与振兴路交叉口西200米,肇州县
大庆市,B0JGXU2BTY,慈悲喜舍(东风新村7区店),125.119217,46.585991,风景名胜;风景名胜相关;旅游景点|购物服务;购物相关场所;购物相关场所,110000|060000,纬二路97号,萨尔图区
大庆市,B01CB0NS3S,天星广场,124.871012,47.180738,风景名胜;公园广场;城市广场,110105,园林路与长盛街交叉口东120米,林甸县
大庆市,B0LKRD5VSD,画佗在室,124.867697,46.624909,风景名胜;风景名胜相关;旅游景点,110000,万达中心广场内圈商服hs-8-157/158号,让胡路区
大庆市,B0L0YM6FTG,五大连池(北冰花),125.10933,46.578735,风景名胜;风景名胜;风景名胜,110200,万兴路与万顺街交叉口东100米,萨尔图区
大庆市,B0KALAI4CF,湿地假山,125.185768,46.539102,风景名胜;风景名胜;风景名胜,110200,,龙凤区
大庆市,B0FFL3H72T,海青广场,125.259541,45.711327,风景名胜;公园广场;城市广场,110105,西环北路与庆丰街交叉口西北60米,肇州县
大庆市,B0FFJWGXIQ,方舟基督教堂,124.881464,46.606541,风景名胜;风景名胜;教堂,110206,,让胡路区
大庆市,B0FFI6G56B,林甸县鹤之海湿地温泉度假区,124.523865,47.301507,风景名胜;风景名胜相关;旅游景点,110000,鹤鸣湖镇胜利村鹤鸣湖收费站出口直行500米,林甸县
大庆市,B01CB0N8H0,圣爱堂,125.101994,46.606904,风景名胜;风景名胜;教堂,110206,东风街道经一街与纬九路交口,萨尔图区
牡丹江市,B0FFI333U3,莲华寺,129.814082,45.487212,风景名胜;风景名胜;寺庙道观,110205,莲花峰渡假区,林口县
牡丹江市,B0FFFSL8BM,主恩堂,129.615636,44.60309,风景名胜;风景名胜;教堂,110206,北安街新丹溪小区39号楼,爱民区
牡丹江市,B0FFG213NW,火山口森林4号火山口,128.537685,44.197421,风景名胜;风景名胜相关;旅游景点,110000,火山口森林内,宁安市
牡丹江市,B0FFG0KE64,锦绣荷园,130.445321,44.677816,风景名胜;公园广场;公园,110101,下城子镇第二小学,穆棱市
牡丹江市,B01C50NT4R,威虎厅,129.253356,44.822828,风景名胜;风景名胜相关;旅游景点,110000,海林镇三横干线,海林市
牡丹江市,B01C501U9M,西安公园,131.119856,44.060557,风景名胜;公园广场;公园,110101,健康街3号,东宁市
牡丹江市,B01C501PUP,关帝庙,129.68374,44.774498,风景名胜;风景名胜;寺庙道观,110205,柴双线,海林市
牡丹江市,B0FFIDD8LP,儿童公园,129.592486,44.590004,风景名胜;公园广场;公园,110101,铁北街道天安路与西新荣街交叉口,爱民区
牡丹江市,B0FFI73CHG,笔架山,128.97421,44.58358,风景名胜;风景名胜相关;旅游景点,110000,山市镇种奶牛场七队,海林市
牡丹江市,B0FFI6M68H,同心公园,129.647775,44.576575,风景名胜;公园广场;公园,110101,四区二道街停车场与松江路交叉口东南300米,东安区
牡丹江市,B0FFGNPVH0,中东铁路机车库,129.069361,44.818811,风景名胜;风景名胜相关;旅游景点,110000,佛山路横道河子镇内,海林市
牡丹江市,B0FFG0L7FG,响水河漂流景区,129.610731,45.631371,风景名胜;风景名胜;风景名胜,110200,S309罗勒密山景区,林口县
牡丹江市,B0FFF6B2KN,八女投江纪念馆,129.622706,44.570629,风景名胜;风景名胜;红色景区|风景名胜;风景名胜;纪念馆,110210|110204,太平路156号,西安区
牡丹江市,B01C50O0BL,牡丹江三道关国家森林公园雾溪谷,129.525279,44.779811,风景名胜;风景名胜相关;旅游景点,110000,三道关镇三道关国家森林公园雾溪谷,爱民区
牡丹江市,B01C50NSGZ,人民广场,129.38102,44.591404,风景名胜;公园广场;城市广场,110105,海林镇江南开发区市政府率宾路,海林市
牡丹江市,B01C5026HB,雪原公园,129.401404,44.576487,风景名胜;公园广场;公园,110101,公园小区4号,海林市
牡丹江市,B01C5024IB,报恩寺,129.410169,44.562105,风景名胜;风景名胜;寺庙道观,110205,子龙街报恩路1号,海林市
牡丹江市,B01C501U6V,紫菱湖景区,128.905724,44.068049,风景名胜;风景名胜;风景名胜,110200,火山口旅游公路附近,宁安市
牡丹江市,B01C501PTZ,黑宝熊乐园,129.503154,44.771466,体育休闲服务;休闲场所;游乐场|风景名胜;风景名胜相关;旅游景点,080501|110000,黑龙江三道关国家级森林公园内,爱民区
牡丹江市,B01C501PTV,横道河子东北虎林园,129.115158,44.794709,风景名胜;风景名胜;省级景点,110203,横道河子镇301国道210公里处(横道河子收费站右转500米),海林市
牡丹江市,B01C501ISP,牡丹江三道关国家森林公园,129.52491,44.779841,风景名胜;风景名胜;风景名胜,110200,通乡路,爱民区
牡丹江市,B01C501256,威虎山影视城,129.123071,44.790291,风景名胜;风景名胜;风景名胜,110200,横道镇绥满公路横道河子镇哈尔滨通往绥芬河301国道旁210公里处,海林市
牡丹江市,B01C5006A0,镜泊湖国家级风景名胜区,128.951244,44.063163,风景名胜;风景名胜;国家级景点|风景名胜;公园广场;水族馆,110202|110104,莫延公路,宁安市
牡丹江市,B01C500693,火山口国家森林公园,128.731465,44.089889,风景名胜;风景名胜;国家级景点,110202,小北湖林场境内,宁安市
牡丹江市,B01C50069E,渤海风情园,129.146831,44.144909,风景名胜;风景名胜;省级景点,110203,渤海镇境内,宁安市
牡丹江市,B0FFGXV3ON,伪满中央银行牡丹江支行旧址,129.617599,44.5831,风景名胜;风景名胜相关;旅游景点,110000,太平路129号,东安区
牡丹江市,B01C50OMA7,阳光广场,131.164262,44.392955,风景名胜;公园广场;城市广场,110105,兴隆路与迎新街交叉口东南140米,绥芬河市
牡丹江市,B0FFFVGR9V,萨布素将军广场,129.482425,44.35386,风景名胜;公园广场;城市广场,110105,宁古塔大道与镜泊东街交叉口处,宁安市
牡丹江市,B0FFHHWFK6,牡丹广场,129.630316,44.561418,风景名胜;公园广场;城市广场,110105,江南会展中心北侧,东安区
牡丹江市,B01C5009E0,朝鲜民族文化广场,129.608075,44.574812,风景名胜;公园广场;城市广场,110105,西长安街,西安区
牡丹江市,B01C50O9RE,和平公园,131.15587,44.403672,风景名胜;公园广场;公园,110101,新兴街与远航路交叉口东北140米,绥芬河市
牡丹江市,B0FFH5GMZI,鸳鸯峰景区,129.536256,45.594553,风景名胜;风景名胜相关;旅游景点,110000,红旗林场西北沟南100米,林口县
牡丹江市,B0FFFYS9TL,北山公园,129.593972,44.609364,风景名胜;公园广场;公园,110101,北山街道北山街道北山街道北山街道新华路427号,爱民区
牡丹江市,B01C50OJCT,明星广场,129.61472,44.607555,风景名胜;公园广场;城市广场,110105,地明街237号,爱民区
牡丹江市,B01C50O08F,圣母进堂教堂,129.077414,44.813056,风景名胜;风景名胜;教堂,110206,横道河子镇301国道,海林市
牡丹江市,B01C502953,绥芬河市基督教会,131.161043,44.393371,风景名胜;风景名胜;教堂,110206,大直路137号-173号,绥芬河市
牡丹江市,B01C5024CN,圆通讲寺,129.580753,44.609304,风景名胜;风景名胜;寺庙道观,110205,通乡街5号,爱民区
牡丹江市,B01C5022IK,文化广场,129.619757,44.581475,风景名胜;公园广场;城市广场,110105,东平安街与东小太平路交叉口东南100米,东安区
牡丹江市,B01C501TYE,绥芬河国门景区,131.192806,44.412551,风景名胜;风景名胜;国家级景点,110202,中俄边境公路口岸,绥芬河市
牡丹江市,B01C501DW1,阳明公园,129.647785,44.595889,风景名胜;公园广场;公园,110101,光华街54号,阳明区
牡丹江市,B01C5018QR,江滨公园,129.629646,44.569597,风景名胜;公园广场;公园,110101,太平路133号,东安区
牡丹江市,B0FFF6B5WQ,抱月湾景区,128.989901,44.03423,风景名胜;风景名胜相关;旅游景点,110000,渤海镇火山口旅游公路附近中国镜泊湖世界地质公园内,宁安市
牡丹江市,B01C50OD4K,率宾广场,131.120974,44.072915,风景名胜;公园广场;城市广场,110105,西环路与中华路交叉口西南100米,东宁市
牡丹江市,B01C50O0BE,牡丹江市抗战胜利纪念碑,129.62748,44.58846,风景名胜;风景名胜;纪念馆,110204,人民公园内(西侧),阳明区
牡丹江市,B0FFGXTS8N,双龙广场,129.608537,44.599863,风景名胜;公园广场;城市广场,110105,新丹溪小区19号楼靠河边,爱民区
牡丹江市,B01C50OM9K,莲花峰渡假区,129.808921,45.486832,体育休闲服务;度假疗养场所;度假村|风景名胜;风景名胜相关;旅游景点,080401|110000,莲花峰旅游度假区,林口县
牡丹江市,B0FFG2IWI1,镜泊湖北湖-观景台,128.95243,44.057519,风景名胜;风景名胜;观景点,110209,火山口旅游公路附近中国镜泊湖世界地质公园镜泊湖北湖内,宁安市
牡丹江市,B0FFJ9693P,金佐镇将军旧址,129.104443,44.574365,风景名胜;风景名胜相关;旅游景点,110000,山密干线北50米,海林市
牡丹江市,B0FFG247UK,镜泊湖风景区-抗联纪念碑,128.951185,44.059327,风景名胜;风景名胜;纪念馆,110204,渤海镇火山口旅游公路附近中国镜泊湖世界地质公园镜泊湖北湖内,宁安市
牡丹江市,B01C50O9JR,兴源文化广场,130.335952,44.591262,风景名胜;公园广场;城市广场,110105,兴富路与南京街交叉口东南100米,穆棱市
牡丹江市,B01C500685,洞庭风景区,130.928934,44.018774,风景名胜;风景名胜相关;旅游景点,110000,洞庭村,东宁市
牡丹江市,B0FFIR4Z0A,百年口岸,131.198051,44.413739,风景名胜;风景名胜;风景名胜,110200,友谊大道1号,绥芬河市
牡丹江市,B0FFGC7LAG,京江上城广场,129.599517,44.595035,风景名胜;公园广场;城市广场,110105,拥军街与建卫路交叉口西南80米,爱民区
牡丹江市,B01C50O5JV,青龙山公园,129.609357,44.612487,风景名胜;公园广场;公园,110101,曙光街与纺织四路交叉口北40米,爱民区
牡丹江市,B0FFG0JB3Q,塔山公园,128.917854,44.472914,风景名胜;公园广场;公园,110101,大海林局,海林市
牡丹江市,B01C501P2C,林口县莲花自然保护区,129.804677,45.451101,风景名胜;风景名胜相关;旅游景点,110000,莲花小镇商务酒店南侧260米,林口县
牡丹江市,B01C50ONKI,渤海国上京龙泉府遗址,129.150818,44.130019,风景名胜;风景名胜;国家级景点,110202,黑龙江省牡丹江市宁安市渤海镇006乡道,宁安市
牡丹江市,B0FFG1SS26,药师佛堂,128.933929,44.037833,风景名胜;风景名胜;寺庙道观,110205,火山口旅游公路附近中国镜泊湖世界地质公园镜泊湖北湖药师古刹内,宁安市
牡丹江市,B0FFHHWL6G,镜泊湖北湖,128.939346,44.0534,风景名胜;风景名胜相关;旅游景点,110000,火山口旅游公路镜泊湖世界地质公园内,宁安市
牡丹江市,B01C50NSC6,湿地公园,129.370336,44.573996,风景名胜;公园广场;公园,110101,讷河镇南环路东,海林市
牡丹江市,B01C501PYW,小天桥森林公园,130.979748,44.699354,风景名胜;公园广场;动物园|风景名胜;风景名胜;省级景点|风景名胜;公园广场;公园,110102|110203|110101,067县道西50米,穆棱市
牡丹江市,B01C50ONKG,兴林塔,130.254201,45.295644,风景名胜;风景名胜;风景名胜,110200,建华路060乡,林口县
牡丹江市,B01C50O0BR,龙王庙,131.169212,43.983248,风景名胜;风景名胜;寺庙道观,110205,市大肚川镇087县道北50米,东宁市
牡丹江市,B01C501P04,神仙洞景区,129.680668,45.712527,风景名胜;风景名胜相关;旅游景点,110000,036乡道与309省道交叉口西20米,林口县
牡丹江市,B01C50O374,东京城林业局休闲广场,129.210102,44.113991,风景名胜;公园广场;城市广场,110105,振兴大街附近,宁安市
牡丹江市,B01C50NS4U,望江楼,129.465492,44.338098,风景名胜;风景名胜;省级景点,110203,通江路,宁安市
牡丹江市,B01C50263J,牡丹江大学明珠广场,129.565702,44.593907,风景名胜;公园广场;城市广场,110105,西地明街530号牡丹江大学,爱民区
牡丹江市,B01C501OSH,南湖公园,129.612358,44.563036,风景名胜;公园广场;公园,110101,江滨街道江滨街道南市街附近,西安区
牡丹江市,B01C50069C,马骏纪念馆,129.46618,44.338391,风景名胜;风景名胜;红色景区|风景名胜;风景名胜;纪念馆,110210|110204,城区街道马骏街21号望江楼旁边,宁安市
牡丹江市,B0FFJBX8XN,二发电小区文化广场,129.655931,44.651373,风景名胜;公园广场;城市广场,110105,裕民路1466附近,阳明区
牡丹江市,B0FFGXWJ02,阿里郎民主广场,129.596649,44.571216,风景名胜;公园广场;城市广场,110105,西长安街与西小八条路交叉口南80米,西安区
牡丹江市,B0FFI6EM3H,牡丹江薰衣草花海,129.679204,44.506568,风景名胜;风景名胜相关;旅游景点,110000,牡丹峰公路南50米花海阁薰衣草花园(东北角),东安区
牡丹江市,B01C5023J8,生命堂,129.611488,44.569755,风景名胜;风景名胜;教堂,110206,西四龙门小区,西安区
牡丹江市,B0FFHX8DCZ,渤海上京,129.15462,44.107957,风景名胜;风景名胜;风景名胜,110200,201国道北渤海国上京龙泉府遗址外城南门址附近,宁安市
牡丹江市,B0FFGXUCLY,沐恩堂(西海林街),129.583541,44.584426,风景名胜;风景名胜;教堂,110206,西海林街与兴平路交叉口西100米,爱民区
牡丹江市,B01C5029GG,江滨基督教堂,129.615878,44.562403,风景名胜;风景名胜;教堂,110206,西三条路488号,西安区
牡丹江市,B01C50OJZ5,山顶公园,131.147856,44.39451,风景名胜;公园广场;公园,110101,体育场东路与新华街交汇处东北处,绥芬河市
牡丹江市,B0FFI7YNVU,张闻天工作室旧址,129.479624,44.339674,风景名胜;风景名胜;红色景区|风景名胜;风景名胜;风景名胜,110210|110200,闻天街65号,宁安市
牡丹江市,B01C50O06K,兴林广场,130.291913,45.35606,风景名胜;公园广场;城市广场,110105,075乡道与309省道交叉口西南50米黑龙江省林口林业局附近,林口县
牡丹江市,B0FFF366W4,八女投江烈士群雕,129.625405,44.569468,风景名胜;风景名胜;红色景区,110210,江滨公园内(西侧),西安区
牡丹江市,B01C501TYH,大光明寺,131.16283,44.410906,风景名胜;风景名胜;寺庙道观,110205,乌苏里大街123号,绥芬河市
牡丹江市,B01C50O925,苏俄领事馆旧址,131.162543,44.393628,风景名胜;风景名胜相关;旅游景点,110000,光华路111号,绥芬河市
牡丹江市,B01C5029TA,北海公园,131.162254,44.406443,风景名胜;公园广场;公园,110101,通天路与天佑街交叉口西北120米,绥芬河市
牡丹江市,B0FFIJZIVQ,东宁镇基督教蒙恩堂,131.118142,44.073637,风景名胜;风景名胜;教堂,110206,双泉路东宁镇基督教蒙恩堂,东宁市
牡丹江市,B0L2HOBAEK,月亮湾莲花湖,129.625204,45.126294,风景名胜;风景名胜;风景名胜,110200,威虎山国家森林公园内(东侧),海林市
牡丹江市,B0FFJ2X5D9,牡丹峰国家森林公园-白桦川,129.832185,44.424979,风景名胜;风景名胜相关;旅游景点,110000,牡丹峰国家森林公园(东南角),东安区
牡丹江市,B01C5026CG,友谊公园,131.115965,44.400264,风景名胜;公园广场;公园,110101,密山路98号,绥芬河市
牡丹江市,B01C5020RE,三陵坟,129.118689,44.17222,风景名胜;风景名胜;风景名胜,110200,三灵乡三星村,宁安市
牡丹江市,B0L3H78EJP,天长山,131.162486,44.437151,风景名胜;风景名胜相关;旅游景点,110000,登高亭东南侧90米,绥芬河市
牡丹江市,B0FFLD45X2,宁古台遗址,129.184957,44.423889,风景名胜;风景名胜相关;旅游景点,110000,海长旅游公路,海林市
牡丹江市,B01C502A11,绥芬河铁路大白楼,131.157078,44.396486,风景名胜;风景名胜;风景名胜,110200,花园路164号,绥芬河市
牡丹江市,B01C50OC8H,天仙宫,129.659972,44.55356,风景名胜;风景名胜;寺庙道观,110205,,东安区
牡丹江市,B0FFFOAJR0,牡丹峰国家森林公园,129.73592,44.46763,风景名胜;公园广场;公园,110101,兴隆镇,东安区
牡丹江市,B01C50OAOU,海浪河欢乐谷水上乐园,129.08846,44.410837,风景名胜;风景名胜;风景名胜,110200,新安镇海长公路45公里处,海林市
牡丹江市,B01C501OY1,东宁要塞遗址,131.225403,43.949147,风景名胜;风景名胜;风景名胜,110200,三岔口镇南9公里,东宁市
牡丹江市,B01C5006A1,镜泊大峡谷,128.967216,44.065289,风景名胜;风景名胜相关;旅游景点,110000,渤海镇瀑布村(近镜泊湖),宁安市
牡丹江市,B01C5013S9,人民公园,129.631091,44.589955,风景名胜;公园广场;公园,110101,东四条路13号,阳明区
牡丹江市,B0FFF2ROYY,金光寺,131.091386,44.067374,风景名胜;风景名胜;寺庙道观,110205,东宁镇东林寺,东宁市
牡丹江市,B01C50069D,兴隆寺,129.154596,44.113492,风景名胜;风景名胜;寺庙道观,110205,火山口旅游公路,宁安市
牡丹江市,B0FFL5FAPT,大湾七彩乐园,129.664552,44.578574,风景名胜;风景名胜相关;旅游景点,110000,兴隆街道兴隆镇大湾村,东安区
牡丹江市,B01C501UAO,月牙湾漂流,131.076921,44.07201,风景名胜;风景名胜相关;旅游景点,110000,099乡道,东宁市
牡丹江市,B0FFFPVNTX,威虎山原始森林生态旅游风景区,129.606357,45.458716,风景名胜;风景名胜相关;旅游景点,110000,二道林场,海林市
牡丹江市,B0FFILKPPY,劝业场美食美容休闲广场,129.62095,44.579576,风景名胜;公园广场;城市广场,110105,太平路199号东大劝业场,东安区
牡丹江市,B0FFHMFVBB,环湖公园,131.155088,44.406817,风景名胜;公园广场;公园,110101,环湖路与同福街交叉口处,绥芬河市
牡丹江市,B01C50ODY2,日本领事馆旧址,131.163169,44.394143,风景名胜;风景名胜相关;旅游景点,110000,绥芬河镇迎新街88号人头楼内(西侧),绥芬河市
牡丹江市,B0L3KCC3VI,永宁塔,131.099318,44.060299,风景名胜;风景名胜;风景名胜,110200,神仙洞景区,东宁市
牡丹江市,B0KUK7FP1D,牡丹江后备箱集市露营基地,129.641519,44.582463,风景名胜;风景名胜相关;旅游景点,110000,东七条路与福民街交叉口北20米,东安区
牡丹江市,B0KRVA3M2P,天长湖,131.15529,44.440196,风景名胜;风景名胜;风景名胜,110200,天长山水库路爱情谷,绥芬河市
牡丹江市,B0HR3RDHR9,威虎山影视城-威虎厅,129.124856,44.793087,风景名胜;风景名胜相关;旅游景点,110000,威虎山影视城,海林市
牡丹江市,B01C50OGFD,5排山城址,130.799513,43.933498,风景名胜;风景名胜相关;旅游景点,110000,道河镇五排山城址,东宁市
牡丹江市,B01C50NSFW,威虎山讲武堂,129.230292,44.803025,风景名胜;风景名胜相关;旅游景点,110000,三横干线,海林市
牡丹江市,B0FFHO4UOD,鸿阳多肉植物园,129.608897,44.58885,风景名胜;公园广场;植物园,110103,火车站旁边花鸟市场院内,西安区
牡丹江市,B0FFGXUCYO,乐康广场,129.598615,44.598102,风景名胜;公园广场;城市广场,110105,新华路362-6号附近,爱民区
牡丹江市,B0FFG23X6R,多期次火山熔岩叠覆,128.539437,44.198731,风景名胜;风景名胜;风景名胜,110200,境内镜泊湖西北约50公里火山口森林内,宁安市
牡丹江市,B0FFIN9BRA,牛心山瞭望塔,130.079319,44.242228,风景名胜;风景名胜相关;旅游景点,110000,,穆棱市
牡丹江市,B0FFG746SL,激情广场(中共老黑山镇南村支部委员会南),130.882574,43.707462,风景名胜;公园广场;城市广场,110105,321省道西50米,东宁市
牡丹江市,B01C5028RH,三合林休闲广场,131.160085,44.399755,风景名胜;公园广场;城市广场,110105,花园路84号,绥芬河市
牡丹江市,B0FFGLJFQK,威虎厅,128.636242,44.107807,风景名胜;风景名胜相关;旅游景点,110000,镜泊湖国家级风景名胜区,宁安市
牡丹江市,B0FFFSVDUC,城子后山城遗址,128.961454,43.804417,风景名胜;风景名胜相关;旅游景点,110000,镜泊湖瀑布东北约3公里,宁安市
牡丹江市,B01C5022QL,牡丹教堂,129.59864,44.573522,风景名胜;风景名胜;教堂,110206,西牡丹街,西安区
牡丹江市,B0LUVUD99X,中东铁路旧铁岭河大桥西碉堡,129.66452,44.592339,风景名胜;风景名胜;风景名胜,110200,,阳明区
牡丹江市,B0LGX633LW,牡丹峰旅游公路0公里处,129.645497,44.525283,风景名胜;风景名胜;风景名胜,110200,牡丹峰公路与江南六道街交叉口东南280米,东安区
牡丹江市,B0L1B7ZKVC,醉美331公路石碑(龙江首站东宁),130.922801,43.753941,风景名胜;风景名胜相关;旅游景点,110000,九佛沟水库高架桥附近,东宁市
牡丹江市,B0K30HV058,远东第一桥,131.153652,44.402023,风景名胜;风景名胜;风景名胜,110200,新兴街与酒厂路交叉口东北60米,绥芬河市
牡丹江市,B0K2X78JSO,休闲广场,129.384338,44.577139,风景名胜;风景名胜相关;旅游景点,110000,西河路与子荣街交叉口东北120米,海林市
牡丹江市,B0K29US4EN,国家沿江湿地公园,129.633914,44.562808,风景名胜;公园广场;公园,110101,镜泊湖路1号,东安区
牡丹江市,B0K0JSB1WL,海林市横道河子老街口观景台,129.082932,44.810517,风景名胜;风景名胜;观景点,110209,绥满路145号,海林市
牡丹江市,B0JB4U3ZTH,秦龙泉水,129.787762,44.520652,风景名胜;风景名胜相关;旅游景点,110000,301国道,阳明区
牡丹江市,B0J3Z7UJB0,三代国门,131.199045,44.413483,风景名胜;风景名胜;风景名胜,110200,互贸区俄罗斯商城东南侧230米,绥芬河市
牡丹江市,B0HUXCMBKT,卧龙山狐仙洞,129.692764,44.71151,风景名胜;风景名胜;风景名胜,110200,,阳明区
牡丹江市,B0HRUDGREW,红花岭东北抗联小镇,131.00643,44.389664,风景名胜;风景名胜相关;旅游景点,110000,阜宁镇,绥芬河市
牡丹江市,B0HD3NOJ26,中兴村文化广场,129.428532,44.540564,风景名胜;公园广场;城市广场,110105,,西安区
牡丹江市,B0HBTO40LT,牡丹江珍稀动物园,129.662375,44.565672,风景名胜;风景名胜相关;旅游景点,110000,,东安区
牡丹江市,B0H3NS0WKI,林口县北山日军罪证遗址,130.253889,45.295917,风景名胜;风景名胜相关;旅游景点,110000,,林口县
牡丹江市,B0H32A56ET,VC工业主题公园,129.677223,44.626524,风景名胜;风景名胜相关;旅游景点,110000,裕民路160号,阳明区
牡丹江市,B0H1OASBH1,俄罗斯风情小镇,129.070857,44.819005,风景名胜;风景名胜相关;旅游景点,110000,横道镇佛山路与河堤路交叉口北460米,海林市
牡丹江市,B0H17S5PNQ,小提琴广场,129.633063,44.5447,风景名胜;公园广场;城市广场,110105,爱河路与牡丹江大街交汇处,东安区
牡丹江市,B0G149GQ44,玄武湖国家农业公园,129.139579,44.153647,风景名胜;公园广场;公园,110101,渤海镇,宁安市
牡丹江市,B0G0DB50IS,爱情谷景区,131.158875,44.43587,风景名胜;风景名胜相关;旅游景点,110000,天长山水库路,绥芬河市
牡丹江市,B0FFMDBE1X,牡丹江三道关国家森林公园-一线天,129.531684,44.78663,风景名胜;风景名胜相关;旅游景点,110000,通乡路牡丹江三道关国家森林公园(东北角),爱民区
牡丹江市,B0FFLPMBH9,绥芬河广场,131.163285,44.396774,风景名胜;公园广场;城市广场,110105,聚源街18号,绥芬河市
牡丹江市,B0FFL4NDRU,牡丹江体育公园,129.616845,44.558019,风景名胜;公园广场;公园,110101,环江北街与江滨三道街交叉口南100米,西安区
牡丹江市,B0FFL47JBV,平安民族广场,129.608866,44.579494,风景名胜;公园广场;城市广场,110105,西三条路与北小西平安街交叉口西80米,西安区
牡丹江市,B0FFL35LDD,镜泊湖南湖景区,128.922237,43.853512,风景名胜;风景名胜相关;旅游景点,110000,镜泊湖风景名胜区,宁安市
牡丹江市,B0FFL1MDMK,江南公园,129.632938,44.548949,风景名胜;公园广场;公园,110101,牡丹江政府正对面,东安区
牡丹江市,B0FFL10H4Y,白桦林湿地,131.15116,44.449398,风景名胜;公园广场;公园,110101,天长山水库路爱情谷,绥芬河市
牡丹江市,B0FFL0P4BF,莲花湖鹰嘴峰风景区,129.782024,45.318051,风景名胜;风景名胜相关;旅游景点,110000,威虎山国家森林公园内(东侧),海林市
牡丹江市,B0FFKYXXWG,绥芬河中东铁路建筑群铁路工务段旧址,131.157335,44.395505,风景名胜;风景名胜相关;旅游景点,110000,文化街1号,绥芬河市
牡丹江市,B0FFKX8NIW,镜泊湖吊水楼瀑布,128.948883,44.056441,风景名胜;风景名胜相关;旅游景点,110000,渤海镇火山口旅游公路附近中国镜泊湖世界地质公园镜泊湖北湖内,宁安市
牡丹江市,B0FFKOM581,十九顶毡房蒙古风情园,129.587409,44.637374,餐饮服务;中餐厅;中餐厅|风景名胜;风景名胜相关;旅游景点,050100|110000,三道关镇八达村,爱民区
牡丹江市,B0FFKDGDI9,大石桥,129.444689,44.338801,风景名胜;风景名胜相关;旅游景点,110000,072县道西北40米,宁安市
牡丹江市,B0FFJGA9X3,兴林广场,130.270435,45.289292,风景名胜;公园广场;城市广场,110105,文政大街263号,林口县
牡丹江市,B0FFJ087M3,北国小黄山景区,129.458316,44.769852,风景名胜;风景名胜相关;旅游景点,110000,三道关镇三道关村,爱民区
牡丹江市,B0FFH2BJ3B,爱民广场,129.61411,44.605716,风景名胜;公园广场;城市广场,110105,东地明街与卫校东路交叉口东240米,爱民区
牡丹江市,B0FFGZ830G,文化宫广场,129.617916,44.580755,风景名胜;公园广场;城市广场,110105,先锋街道太平路与平安街交叉口南100米,西安区
牡丹江市,B0FFGNPWWW,人头楼,131.163249,44.39413,风景名胜;风景名胜;风景名胜,110200,绥芬河镇迎新街88号,绥芬河市
牡丹江市,B0FFGNLUAY,二浪河景区,128.406077,44.591456,风景名胜;风景名胜;风景名胜,110200,大海林林业局333国道雪乡二浪河林场,海林市
牡丹江市,B0FFGFAAA2,雪乡文化广场,128.92485,44.473508,风景名胜;公园广场;城市广场,110105,,海林市
牡丹江市,B0FFG6YV7K,柴河小九寨漂流,129.310488,45.198117,风景名胜;风景名胜相关;旅游景点,110000,长白山余脉张广财岭东麓北国小九寨风景区内,海林市
牡丹江市,B0FFG01HU2,穆棱市文化公园,130.533205,44.913423,风景名胜;公园广场;公园,110101,团结路与工农街交叉口东220米,穆棱市
牡丹江市,B0FFFVNWXC,莲花公园,129.663159,44.612895,风景名胜;公园广场;公园,110101,金河湾裕民路,阳明区
牡丹江市,B01C5029O2,清真寺,129.624431,44.578054,风景名胜;风景名胜;回教寺,110207,东新安街东一条路389-12号,东安区
牡丹江市,B01C5024ON,地下森林,128.545525,44.196051,风景名胜;风景名胜;风景名胜,110200,东京城林业局东京城林业局火山口旅游公路附近中国镜泊湖世界地质公园火山口国家森林公园内,宁安市
牡丹江市,B01C500695,南山公园,130.273734,45.282111,风景名胜;公园广场;公园,110101,文政大街21号,林口县
牡丹江市,B0FFI1U9UF,老二团驻地旧址,129.386968,44.569914,风景名胜;风景名胜相关;旅游景点,110000,嘉家宾馆(海林站北),海林市
牡丹江市,B0FFG23NEO,自荐乐园,128.943714,44.052669,风景名胜;风景名胜相关;旅游景点,110000,火山口旅游公路附近中国镜泊湖世界地质公园镜泊湖北湖内,宁安市
牡丹江市,B0FFJKWUGK,白冶金佐镇将军纪念馆,129.39326,44.562717,风景名胜;风景名胜;纪念馆,110204,海浪路14附近,海林市
牡丹江市,B0FFHRPRRA,中俄友好纪念馆,130.465093,44.685647,风景名胜;风景名胜;纪念馆,110204,城南路南100米穆棱市公共检验检测公共服务中心附近,穆棱市
牡丹江市,B0FFG23O1X,药师宝殿,128.934102,44.038121,风景名胜;风景名胜;寺庙道观,110205,火山口旅游公路附近中国镜泊湖世界地质公园镜泊湖北湖内,宁安市
牡丹江市,B01C50NREU,省运会纪念台,129.597696,44.602715,风景名胜;风景名胜;纪念馆,110204,东地明街1号,爱民区
牡丹江市,B01C502A12,中共六大暨绥芬河红色国际通道纪念馆,131.157002,44.396412,风景名胜;风景名胜;红色景区,110210,梨树街与花园路交叉口西南100米,绥芬河市
牡丹江市,B01C501THC,百万亩人工林纪念碑,128.920252,44.476125,风景名胜;风景名胜;纪念馆,110204,大海林林业局,海林市
牡丹江市,B0MU9ZYUVY,宁安市抗日战争宁古塔历史实物展馆,129.465435,44.338342,风景名胜;风景名胜;风景名胜,110200,马骏街23号,宁安市
牡丹江市,B0MGTS6UA0,团山子共产国际秘密通道,131.2641,44.034615,风景名胜;风景名胜;风景名胜,110200,东宁口岸北1公里,东宁市
牡丹江市,B0MG3Z9IS0,萨尔虎古城墙遗址,129.422605,44.55011,风景名胜;风景名胜;风景名胜,110200,沙虎村内,西安区
牡丹江市,B0MDMX12QG,俄罗斯风情园-1号建筑,129.078475,44.812375,风景名胜;风景名胜相关;旅游景点,110000,俄罗斯风情园(东南角),海林市
牡丹江市,B0MBLASFWS,三十五经营林场林场场部旧址,129.33652,44.88569,风景名胜;风景名胜;风景名胜,110200,三横干线,海林市
牡丹江市,B0M6FZXKH7,大通道广场,131.047193,44.37932,风景名胜;公园广场;城市广场,110105,G10绥满高速,绥芬河市
牡丹江市,B0LRYXX3SD,长白山太岁品鉴馆(东地明街店),129.609563,44.60664,购物服务;专卖店;专营店|风景名胜;风景名胜相关;旅游景点,061200|110000,银龙家园东南门东50米,爱民区
牡丹江市,B0LASC4SGU,一代国门,131.200101,44.412988,风景名胜;风景名胜相关;旅游景点,110000,绥芬河国门景区内(东侧),绥芬河市
牡丹江市,B0L3VRJ12A,鹿鸣鹿园,129.691184,44.671087,风景名胜;风景名胜相关;旅游景点,110000,桦林镇临江村鹿园,阳明区
牡丹江市,B0L3OUYGF5,灵官阁,129.622126,44.590305,风景名胜;风景名胜相关;旅游景点,110000,东三条路日照街52号,东安区
牡丹江市,B0L2V781E3,风灵雄狮灵,129.602401,44.571867,风景名胜;风景名胜相关;旅游景点,110000,西新安街299号,西安区
牡丹江市,B0L2C5HK2Q,翰章园纪念广场,128.899032,43.816988,风景名胜;公园广场;城市广场,110105,镜泊镇后渔村,宁安市
牡丹江市,B0L19OIE1V,黑龙江绥阳国家湿地公园,131.001136,44.65727,风景名胜;公园广场;公园,110101,315省道东南侧,穆棱市
牡丹江市,B0L14S168H,观瀑桥,128.952655,44.05714,风景名胜;风景名胜相关;旅游景点,110000,莫延公路镜泊湖国家级风景名胜区内(南侧),宁安市
牡丹江市,B0L14S0TBJ,红色记忆陈列馆,128.949248,44.054932,风景名胜;风景名胜相关;旅游景点,110000,莫延公路镜泊湖国家级风景名胜区,宁安市
牡丹江市,B0KUFCRUOX,原界碑,131.199892,44.413988,风景名胜;风景名胜相关;旅游景点,110000,绥芬河国门景区内(东侧),绥芬河市
牡丹江市,B0KUFCQCMS,威虎山柴河九寨自然生态旅游区-水帘洞,129.29844,45.228315,风景名胜;风景名胜;风景名胜,110200,威虎山国家森林公园,海林市
牡丹江市,B0KUFC913H,G10绥满高速零起点,131.195417,44.413832,风景名胜;风景名胜相关;旅游景点,110000,绥芬河国门景区(东北角),绥芬河市
牡丹江市,B0KUBRV5K4,三道关公园-雾溪秘境,129.522446,44.779869,风景名胜;风景名胜相关;旅游景点,110000,通乡路牡丹江三道关国家森林公园内(西侧),爱民区
牡丹江市,B0KRM73GKE,音乐广场,129.079407,44.810508,风景名胜;公园广场;城市广场,110105,太阳岛风景街10号横道河子俄罗斯风情小镇,海林市
牡丹江市,B0K60U1VAI,人工湖(圆梦湖),129.514434,44.420042,风景名胜;风景名胜;风景名胜,110200,农经学院中专楼对面,西安区
牡丹江市,B0K0TCOT4X,书妆宠物生命纪念馆,129.577382,44.58212,风景名胜;风景名胜;纪念馆,110204,西海林街569号,爱民区
牡丹江市,B0J2DHOBLQ,东宁市天主教堂,131.131683,44.051868,风景名胜;风景名胜;教堂,110206,南山路1号旁边,东宁市
牡丹江市,B0IUNLE2KZ,渤海禅寺,129.443491,44.338569,风景名胜;风景名胜;寺庙道观,110205,大石桥西侧,宁安市
牡丹江市,B0HUN99TIN,渤海国上京龙泉府遗址-宫城一殿址,129.150203,44.133231,风景名胜;风景名胜相关;旅游景点,110000,镜泊湖国家级风景名胜区渤海上京龙泉府遗址景区内,宁安市
牡丹江市,B0H3SSJ77D,小提琴文化长廊,129.633246,44.543704,风景名胜;公园广场;城市广场,110105,小提琴广场内(南侧),东安区
牡丹江市,B0H2Y5XX9T,东北抗联伞兵英雄纪念碑,129.44466,44.515545,风景名胜;风景名胜;纪念馆,110204,,西安区
