,哈尔滨冰雪大世界,哈尔滨融创乐园,哈尔滨中央大街,太阳岛风景区,哈尔滨极地公园,哈尔滨极地公园·极地馆,东北虎林园,哈尔滨防洪纪念塔广场,哈尔滨市人民防洪胜利纪念塔,索菲亚广场,哈尔滨音乐公园,圣·索菲亚教堂,中华巴洛克历史文化街区,斯大林公园,哈尔滨市兆麟公园,音乐长廊,江上城堡观光索道,哈尔滨市博物馆,极乐寺,黑龙江省博物馆,中东铁路桥,哈药六版画博物馆,龙塔,体育公园,俄罗斯童话博物馆,哈尔滨市儿童公园,波塞冬海底世界,东北烈士纪念馆,哈尔滨文庙,梅金肖克百年庭院,中东铁路桥头堡,哈尔滨美术馆,哈尔滨工业大学博物馆,龙江大舞台旗舰店,雅致永悦汇养生沐浴,太阳岛风景区-东北抗日联军纪念园,平房公园,哈军工纪念馆,哈尔滨伏尔加庄园,哈尔滨清滨公园投影民宿(哈尔滨工业大学店),哈尔滨群力丁香公园地铁站亚朵酒店,万达广场(哈尔滨哈西店),凯德广场·学府,万达广场(哈尔滨香坊店),万达广场(哈尔滨哈东店),杉杉奥特莱斯广场·哈尔滨,哈特购物广场,杉杉(杉杉奥特莱斯广场·哈尔滨店),金爵万象商业广场,哈尔滨西站万达广场中心桔子水晶酒店,哈尔滨记忆城市文化主题餐厅(金中环广场店),万达影城(哈尔滨香坊万达广场店),哈尔滨西站万达广场美居酒店,波波笑剧场(哈尔滨哈西万达广场店),全季酒店(哈尔滨中央大街哈站北广场店),如家酒店(哈尔滨香坊万达广场龙塔店),希岸Deluxe酒店(哈尔滨哈西高铁站万达广场店),毛毛镇音乐主题乐园,哈尔滨民俗博物馆民宿(松花江店),快乐专+(哈尔滨店),遇见汤泉,哈尔滨枫叶小镇温泉度假酒店,滨果汤泉空间,悦溪棠温泉洗浴,禧沐汤泉,银河欢乐世界温泉洗浴,浴玺湾温泉水汇,云尚汤泉洗浴会馆,亚布力良栖青云民宿,花筑·栖禧民宿(雪谷风景区店),亚布力芳源李·1897民宿,亚布力壹号别院民宿,寒酥庄园酒店(亚布力滑雪旅游度假区),亚布力梵山雪麓民宿,琪瑞酒店(哈尔滨太平国际机场店),亚布力青年雪鼎山庄,亚布力富丽山居民宿,亚布力·沁园春lce and Snow World·轻奢别墅(亚布力南站店),亚布力滑雪温泉森林别墅,野有故里设计师民宿,花筑·西柚度假民宿(哈尔滨冰雪大世界店),亚布力玖间度假别墅(滑雪旅游度假区店),亚布力友所居温泉民宿,墅云居·Travel休闲度假民宿(亚布力滑雪旅游度假区店),亚布力青云小镇清雅轩民宿,雪谷李姐温泉酒店,嘉毅客栈(中国雪谷风景区店),佰源民宿酒店(东北虎林园店),春上汤泉,亚布力滑雪旅游度假区,哈尔滨热雪奇迹,老街滋味坊(直营旗舰店),老街滋味坊(民安小区店),偏脸子哈尔滨老烧烤(自兴街店),老街滋味坊(香坊大街店),隆栎老北京炭火锅(巴陵街),老松滨饭店(菜艺街店),老牌坊云南鱼豆花火锅(大成街店),偏脸子哈尔滨老烧烤(建国北六道街店),一头牛正宗齐齐哈尔烤肉(太古街店),哈尔滨万枫酒店(中央大街火车站店),焕彩时尚宾馆(哈尔滨站中央大街店),惟景假日酒店(哈尔滨中央大街店),哈尔滨中央大街友谊路亚朵酒店,茄子青旅(中央大街店),萤火虫青年旅舍(哈尔滨中央大街索菲亚教堂店),哈尔滨染冬青年旅舍(中央大街步行街索菲亚教堂店),稻香国际青年旅舍(哈尔滨中央大街店),豪滨假日酒店(哈尔滨火车站博物馆地铁站店),滨江快捷宾馆,VIP会所(哈尔滨凯德广场店),鸿顺旅店(哈尔滨医大二院店),有房民宿(哈尔滨理工大学店),哈尔滨天吉招待所,秦泉青年旅馆(哈尔滨南岗店),哈尔滨火车站果戈里大街漫心酒店,哈尔滨天翼快捷宾馆,顺心旅店(哈尔滨海城市场店),哈尔滨合欣旅店,哈尔滨尚志旅社,顺航宾馆(哈尔滨太平国际机场店),哈尔滨香坊金沙时尚快捷宾馆,哈尔滨喜光主题小宾馆,哈尔滨金帝宾馆,自然空间休闲宾馆(哈尔滨巴洛克极乐寺店),君康日租公寓(中华巴洛克风情街店),太阳岛宾馆(太阳大道),北舍民宿(哈尔滨北岸明珠龙湾店),雅舍青旅(哈尔滨松北区融创茂店),哈尔滨太阳岛花园酒店,哈尔滨站,哈尔滨西站,哈尔滨东站,哈尔滨北站,哈尔滨太平国际机场
哈尔滨冰雪大世界,0.0,28.5,24.3,38.6,20.5,18.9,24.0,32.6,32.5,40.4,22.2,35.9,42.3,33.0,30.1,21.0,25.1,31.2,38.0,28.3,35.2,42.8,33.2,21.6,36.3,36.6,39.5,30.6,39.0,23.2,36.8,21.5,28.9,34.6,34.4,32.2,53.1,40.0,55.0,23.0,21.3,32.1,24.8,34.0,41.0,35.5,23.4,37.5,29.9,32.9,18.8,32.1,31.6,31.6,25.4,33.1,35.6,62.4,18.8,44.1,23.4,34.6,20.4,27.6,27.1,25.2,60.3,20.7,165.0,215.4,165.7,151.8,155.0,158.6,57.3,158.5,160.6,158.3,164.3,165.2,19.6,164.4,164.8,164.3,164.5,216.3,218.6,24.7,28.8,163.2,26.4,35.8,20.1,25.8,29.4,32.6,30.7,35.1,21.1,41.1,28.0,25.3,20.0,20.5,23.2,29.8,34.9,22.2,33.2,37.1,23.1,32.4,28.8,33.6,26.6,33.0,34.6,29.3,23.2,31.8,58.0,31.4,31.1,20.9,35.1,41.5,23.4,18.7,25.6,15.0,26.9,26.7,43.8,27.8,65.6
哈尔滨融创乐园,28.5,0.0,37.6,54.2,33.8,33.2,27.9,46.7,47.5,53.5,30.2,48.7,57.8,47.7,44.5,29.6,38.1,45.9,49.8,41.0,49.1,58.4,47.6,25.9,51.3,50.3,40.8,43.2,53.3,35.9,50.7,26.9,43.1,48.6,48.3,49.0,46.2,58.2,58.3,36.1,31.1,35.3,38.7,47.0,44.9,35.2,37.3,38.2,33.5,37.7,26.9,45.1,32.7,34.8,39.2,46.2,29.5,49.5,32.5,57.0,26.3,15.0,30.8,32.2,23.7,7.0,53.8,34.6,163.6,209.3,163.9,150.8,154.3,157.9,35.5,158.6,160.6,157.9,162.7,163.4,22.4,162.9,163.2,162.7,163.1,210.1,212.6,25.5,42.4,163.8,7.6,48.1,33.1,39.7,42.8,46.7,43.9,48.9,30.8,45.4,40.6,38.3,33.6,33.9,37.1,43.7,47.7,35.5,46.7,34.2,36.8,36.7,42.2,46.1,40.4,47.0,48.8,42.8,36.6,45.6,37.1,45.2,44.7,31.0,42.9,47.1,39.9,19.2,5.4,25.3,39.5,31.7,50.9,27.2,45.9
哈尔滨中央大街,24.3,37.6,0.0,45.4,38.0,21.6,32.4,16.7,16.3,17.1,22.3,16.5,25.9,20.1,15.6,21.0,7.5,11.2,24.1,15.3,19.5,33.2,23.4,22.2,16.4,26.5,43.6,16.6,25.9,22.7,19.5,18.3,18.0,14.4,24.3,39.7,50.6,29.4,55.8,19.3,19.1,33.4,25.8,23.1,37.1,45.0,19.1,47.1,31.5,34.7,19.4,24.2,33.3,32.9,14.8,22.3,34.7,59.3,12.2,39.7,24.1,42.9,9.9,29.3,27.0,33.4,58.0,16.0,164.4,216.7,164.9,151.8,154.5,158.4,43.9,158.7,160.9,158.3,163.7,164.6,29.4,164.0,163.9,163.7,164.1,217.5,219.9,33.9,23.0,163.1,34.6,21.4,18.6,26.7,26.4,19.7,25.9,22.6,17.1,24.5,14.8,12.5,17.9,11.1,12.8,18.5,17.7,1.5,21.2,37.4,23.7,33.7,27.8,19.6,19.4,20.1,23.4,18.8,13.7,14.7,45.5,28.1,28.1,21.0,26.3,24.9,29.8,24.7,34.4,21.7,13.9,28.2,40.8,38.2,54.7
太阳岛风景区,38.6,54.2,45.4,0.0,23.1,20.9,30.9,44.9,44.7,51.8,27.8,47.1,54.6,45.4,42.6,27.4,37.2,43.9,49.5,40.1,47.0,55.2,45.0,33.1,49.1,48.1,47.1,42.4,51.1,34.9,48.6,28.7,41.1,47.0,46.4,9.8,64.8,52.2,66.8,34.1,29.5,43.0,36.5,46.0,52.7,42.6,35.1,45.5,41.4,45.0,30.3,44.1,43.2,42.5,37.4,45.3,47.4,73.9,30.8,55.0,34.6,41.3,29.0,38.9,38.5,32.6,71.5,32.6,176.5,229.6,176.6,164.3,166.7,170.3,67.7,170.5,173.1,170.2,175.5,176.0,27.4,175.4,175.9,175.5,175.7,230.4,232.9,32.1,40.5,175.3,33.7,47.4,31.3,37.7,41.0,44.8,42.7,46.9,29.1,53.2,40.8,37.4,31.9,32.0,35.9,42.0,46.0,35.2,45.0,48.4,34.5,44.3,40.0,45.4,38.5,45.1,46.4,41.5,35.1,43.1,68.4,43.1,42.0,29.2,47.4,55.0,26.8,23.1,33.4,21.1,39.2,39.2,54.4,35.2,78.3
哈尔滨极地公园,20.5,33.8,38.0,23.1,0.0,3.6,22.2,36.2,36.0,42.4,23.8,37.7,46.4,36.5,32.9,23.1,28.5,34.2,40.2,30.8,37.1,45.3,35.8,23.8,38.8,38.6,38.9,32.9,43.2,26.1,40.8,19.7,32.1,38.2,37.1,20.2,55.8,44.2,57.5,25.3,20.5,34.2,26.7,36.0,43.4,34.2,25.2,36.1,32.6,35.7,21.1,34.2,34.1,33.7,28.4,35.4,38.9,64.7,21.3,45.8,26.5,31.6,19.8,30.2,30.6,23.0,63.2,23.0,164.8,216.2,165.3,151.3,154.3,158.2,59.0,158.6,160.5,158.1,163.8,164.6,19.5,163.9,164.3,163.8,164.1,217.2,219.4,23.5,30.9,162.7,23.9,38.4,22.3,27.8,31.9,35.5,32.8,37.2,19.8,44.2,31.0,27.5,22.5,22.8,26.1,32.9,36.5,25.5,36.1,38.8,24.8,34.8,30.9,35.8,29.0,35.8,37.3,32.1,26.0,34.0,60.2,33.5,32.7,19.8,37.9,44.8,8.7,13.7,23.9,12.6,29.3,29.7,45.1,26.1,69.3
哈尔滨极地公园·极地馆,18.9,33.2,21.6,20.9,3.6,0.0,24.2,37.9,37.7,43.7,20.3,39.3,47.9,38.0,34.3,19.6,30.3,35.7,42.1,32.5,38.8,47.3,37.6,25.4,40.1,40.4,41.4,34.8,44.9,27.8,42.4,21.0,34.0,39.9,39.0,21.5,57.2,46.0,59.0,27.1,22.2,35.7,28.4,37.5,44.8,35.9,26.9,37.6,34.2,37.4,22.8,35.7,35.7,35.2,30.4,37.0,40.5,66.2,23.1,47.2,28.1,33.7,21.4,32.0,32.3,24.9,65.3,24.4,165.6,217.2,166.1,151.7,155.3,159.1,61.0,159.4,161.4,159.0,164.3,165.7,20.7,164.5,164.4,164.3,165.3,218.1,220.5,25.5,32.0,163.3,25.8,40.4,24.8,29.7,33.5,37.1,34.8,39.0,21.2,44.7,32.9,29.8,24.3,24.5,27.9,34.7,37.5,27.1,37.5,40.9,26.8,36.8,33.1,38.2,30.8,37.5,38.9,33.9,27.8,35.9,60.9,35.2,34.4,21.7,39.6,46.3,10.9,15.4,25.5,15.0,31.4,31.5,46.9,28.4,70.0
东北虎林园,24.0,27.9,32.4,30.9,22.2,24.2,0.0,56.8,56.8,45.6,30.9,38.7,33.0,56.4,55.8,30.4,57.7,44.1,31.2,38.4,54.0,38.2,34.8,35.9,46.3,39.3,26.0,32.7,34.6,45.6,34.8,31.9,44.4,30.5,36.1,50.4,57.8,37.5,53.2,37.4,32.5,46.4,40.1,38.1,36.1,42.3,38.4,46.5,44.1,47.4,33.6,40.1,45.8,45.9,40.9,36.9,41.0,61.5,34.0,41.5,37.9,35.4,31.8,42.0,35.3,26.8,64.8,35.5,168.6,222.3,168.9,156.5,159.3,163.1,50.3,163.8,165.4,163.1,167.9,168.3,21.6,167.9,168.3,167.9,168.1,223.1,225.6,17.9,43.1,168.3,28.1,32.8,35.6,40.5,44.2,35.0,35.3,30.9,32.1,27.8,42.6,40.5,34.8,35.2,38.8,38.6,34.7,37.5,35.9,52.0,37.6,47.6,43.8,31.5,35.1,34.9,31.9,33.8,38.0,42.6,52.4,36.7,45.5,32.0,25.9,29.4,41.1,21.0,27.6,26.1,37.0,41.6,31.8,34.4,60.9
哈尔滨防洪纪念塔广场,32.6,46.7,16.7,44.9,36.2,37.9,56.8,0.0,1.6,25.6,20.5,23.4,29.2,0.9,18.3,18.8,2.6,18.2,31.2,25.5,21.6,41.7,34.4,19.4,22.1,33.5,46.3,26.1,33.9,21.0,23.6,16.6,29.9,22.0,35.6,37.9,51.0,44.7,52.5,30.9,17.6,29.4,22.6,34.1,38.3,44.5,20.1,47.0,27.4,30.2,18.6,35.4,28.9,28.9,27.4,33.6,34.7,54.5,17.9,41.1,21.4,41.9,12.6,25.2,25.1,32.2,57.4,17.5,161.8,215.2,162.3,149.3,152.0,155.8,51.9,156.1,158.2,155.8,160.9,161.9,28.7,161.1,161.5,160.9,161.1,216.2,218.6,32.6,25.6,160.4,33.1,29.4,19.9,22.6,26.1,30.6,28.4,32.1,15.3,27.4,29.3,24.3,19.2,10.9,19.7,24.6,22.4,14.4,32.1,34.4,20.7,30.4,25.6,28.0,31.8,32.0,32.7,31.8,20.1,29.0,52.9,28.0,28.0,16.4,29.7,29.2,27.6,23.5,32.6,20.5,24.7,24.6,44.1,38.7,62.3
哈尔滨市人民防洪胜利纪念塔,32.5,47.5,16.3,44.7,36.0,37.7,56.8,1.6,0.0,26.1,20.5,23.5,29.7,1.1,22.6,19.9,2.8,16.1,31.7,26.4,23.6,42.7,35.3,19.6,21.9,34.9,48.0,26.5,35.3,22.0,24.9,16.9,29.6,22.8,36.5,37.7,50.0,45.5,52.3,32.2,17.1,28.9,22.0,35.0,37.7,45.0,19.5,46.2,27.1,29.9,18.2,36.7,28.4,28.4,27.1,34.8,34.9,54.5,16.9,40.5,20.7,42.1,12.5,24.9,24.3,32.4,56.5,16.7,162.2,215.7,162.6,149.7,152.4,156.3,52.2,156.6,158.7,156.2,161.3,162.0,28.5,161.4,161.9,161.3,161.6,216.6,219.0,32.6,24.8,160.7,33.1,30.4,19.1,22.7,26.4,31.9,27.8,32.5,14.6,28.4,29.8,23.8,18.9,9.7,20.2,24.8,22.0,15.9,33.5,34.0,20.0,30.3,25.7,28.2,31.9,32.1,32.9,32.0,20.1,29.2,53.3,28.2,26.7,16.5,30.6,29.7,27.9,23.6,32.9,22.6,24.9,24.8,44.3,38.5,62.6
索菲亚广场,40.4,53.5,17.1,51.8,42.4,43.7,45.6,25.6,26.1,0.0,25.2,10.2,23.2,25.6,7.7,24.7,17.0,3.8,20.2,13.2,24.9,31.4,21.7,30.1,4.1,23.8,40.4,15.2,24.7,13.8,17.4,25.6,17.4,10.2,23.0,46.7,53.6,29.0,53.5,18.2,26.4,37.9,29.5,21.6,36.3,54.0,18.7,55.5,36.3,39.2,27.3,23.0,37.7,37.4,15.9,21.0,39.1,63.7,17.7,38.7,32.8,51.6,15.9,33.8,32.3,40.5,62.4,19.8,167.8,218.1,168.5,154.5,157.7,162.1,50.2,162.2,163.4,161.9,167.6,168.4,36.9,168.0,167.4,167.7,168.0,218.9,221.7,34.6,26.5,165.2,42.0,19.8,18.7,30.6,25.5,17.9,24.9,20.7,22.2,15.6,12.2,14.0,22.5,17.4,17.8,9.1,11.7,14.9,21.4,41.1,27.4,37.9,31.0,17.6,20.7,18.5,22.1,20.8,17.4,11.7,52.1,27.1,26.1,26.1,17.4,13.1,36.4,31.8,41.3,30.7,12.0,33.9,37.3,47.6,62.0
哈尔滨音乐公园,22.2,30.2,22.3,27.8,23.8,20.3,30.9,20.5,20.5,25.2,0.0,31.1,41.0,32.8,27.4,2.1,25.5,29.0,36.6,26.1,35.0,39.6,28.6,17.9,33.9,32.5,46.0,28.1,37.6,21.1,36.0,11.9,25.1,33.2,30.0,37.8,39.2,35.5,51.8,21.1,13.6,23.5,22.0,34.5,37.8,44.2,22.7,45.2,22.3,25.1,14.7,30.4,23.6,23.1,21.5,33.4,23.0,43.5,18.7,41.7,16.2,34.9,19.3,20.3,20.6,23.0,46.1,18.1,162.0,209.0,162.4,149.0,152.4,156.7,41.2,157.1,159.2,156.2,161.1,161.7,27.1,161.5,161.8,161.1,161.6,210.3,212.8,31.5,26.5,161.6,23.6,33.4,20.3,22.4,27.6,28.1,29.1,33.9,16.0,40.0,25.2,22.6,20.1,19.0,19.4,27.3,30.2,19.7,29.1,27.5,20.4,32.9,27.6,31.0,23.8,28.3,35.0,25.0,19.4,25.0,42.1,29.7,27.9,15.5,31.3,41.7,26.5,22.7,23.5,19.8,24.5,19.3,41.4,37.3,51.7
圣·索菲亚教堂,35.9,48.7,16.5,47.1,37.7,39.3,38.7,23.4,23.5,10.2,31.1,0.0,22.1,25.6,14.7,23.9,17.3,12.0,16.8,9.5,23.5,27.3,18.3,26.6,15.1,20.6,36.6,11.5,20.8,14.5,24.4,22.1,14.5,16.0,19.2,44.5,47.0,25.8,49.0,14.7,23.8,28.5,22.2,18.0,32.2,53.0,14.8,54.9,26.7,32.1,25.8,18.8,28.2,28.0,13.1,17.1,30.3,55.7,15.3,34.5,25.3,50.3,14.6,23.8,24.3,40.2,54.8,13.0,159.5,215.0,159.9,146.7,149.8,153.8,40.8,154.0,156.2,153.6,158.8,159.5,36.0,159.0,159.2,158.8,159.0,215.8,218.2,30.4,19.5,157.9,41.1,16.2,15.3,23.5,21.1,14.7,20.5,16.2,14.4,15.5,8.3,9.5,14.6,16.9,11.8,3.9,9.1,13.6,16.2,34.9,20.8,31.0,24.6,13.7,16.2,14.8,17.4,14.7,10.5,7.4,42.8,22.9,21.5,18.0,15.2,14.8,34.7,31.4,41.2,28.5,8.1,25.8,35.6,47.4,51.7
中华巴洛克历史文化街区,42.3,57.8,25.9,54.6,46.4,47.9,33.0,29.2,29.7,23.2,41.0,22.1,0.0,37.9,23.2,48.3,37.5,21.5,14.0,16.8,35.8,20.9,17.4,54.9,21.9,21.5,28.9,16.0,18.3,23.6,14.5,49.6,21.4,6.7,18.6,68.4,46.1,19.3,51.8,21.9,50.3,36.3,30.8,24.9,40.3,47.9,22.0,46.2,35.0,39.4,51.2,26.0,36.5,35.9,20.0,19.2,38.1,54.5,28.1,42.5,38.6,76.1,30.9,31.8,37.7,66.4,53.9,25.5,160.7,214.3,161.1,148.0,151.2,155.0,55.4,155.6,157.6,154.9,159.8,160.5,30.2,159.9,160.4,159.8,160.1,215.3,217.6,22.8,27.4,159.8,67.8,12.4,21.5,31.9,28.6,17.2,20.3,13.0,29.3,8.1,20.2,26.8,27.6,40.6,21.4,15.8,16.7,28.0,17.9,33.1,30.0,28.9,23.4,10.9,17.1,16.7,14.7,17.5,23.4,19.9,57.0,24.9,30.2,33.6,9.9,3.5,59.1,59.5,67.6,54.3,15.1,37.2,30.1,76.7,67.2
斯大林公园,33.0,47.7,20.1,45.4,36.5,38.0,56.4,0.9,1.1,25.6,32.8,25.6,37.9,0.0,23.3,18.1,18.3,24.6,31.6,22.3,23.4,34.1,25.3,22.6,20.7,29.6,46.1,19.6,29.3,27.6,23.9,18.3,19.6,21.5,26.6,35.8,46.9,32.7,50.0,22.2,18.4,27.2,19.3,26.2,35.6,44.2,26.0,45.7,25.7,28.1,21.4,27.1,27.1,26.8,22.7,25.4,31.8,53.1,18.1,37.5,23.5,41.3,14.8,23.7,22.4,32.9,54.2,18.3,160.4,213.4,160.7,147.5,151.3,154.8,49.9,155.0,157.1,154.6,159.8,160.3,28.3,159.7,160.1,159.8,159.9,214.2,216.7,32.8,22.6,159.0,33.8,25.0,20.9,20.3,24.0,22.9,25.7,25.8,17.0,28.0,22.1,19.8,21.6,7.9,20.3,24.5,20.6,12.8,24.0,31.8,22.9,27.6,22.9,22.9,20.4,23.0,26.6,21.5,20.5,22.9,51.1,26.4,24.5,19.7,29.9,28.5,26.3,23.4,33.5,20.3,21.3,22.6,43.7,37.6,60.3
哈尔滨市兆麟公园,30.1,44.5,15.6,42.6,32.9,34.3,55.8,18.3,22.6,7.7,27.4,14.7,23.2,23.3,0.0,26.3,18.4,8.5,21.9,15.1,22.9,28.5,21.8,31.2,17.0,22.4,38.1,15.7,20.3,20.1,19.1,27.0,27.2,8.7,23.2,46.8,50.8,27.0,53.4,21.2,27.9,32.6,27.2,21.8,36.4,55.4,21.1,54.1,31.1,36.1,28.9,22.8,32.5,32.2,18.8,21.3,34.4,60.1,22.5,38.7,34.5,52.7,21.3,28.1,34.1,42.2,58.8,22.4,164.1,216.9,164.5,150.7,154.1,158.3,50.9,158.3,160.4,157.9,163.1,163.9,38.0,163.3,163.5,163.1,163.4,217.7,220.1,31.5,23.6,162.3,43.2,18.5,20.2,28.0,25.3,20.3,24.9,21.4,23.9,16.4,23.0,22.4,24.1,21.3,19.8,20.0,11.5,18.4,19.8,39.1,25.6,35.0,28.1,17.7,20.4,20.4,19.1,20.1,20.5,22.4,53.0,27.3,26.0,27.9,19.1,14.1,37.4,33.3,43.0,30.4,13.9,30.0,35.5,48.3,61.6
音乐长廊,21.0,29.6,21.0,27.4,23.1,19.6,30.4,18.8,19.9,24.7,2.1,23.9,48.3,18.1,26.3,0.0,24.0,28.7,35.5,25.3,34.5,38.0,28.7,18.3,33.6,32.4,45.1,27.3,36.8,20.5,35.2,12.3,25.0,33.5,30.0,35.9,40.0,36.1,51.7,21.0,13.6,24.5,21.4,33.6,38.5,43.3,22.9,45.3,22.6,24.9,14.3,29.9,24.1,24.0,21.6,32.8,23.2,43.8,18.9,41.2,15.9,34.6,18.1,20.5,20.1,23.0,46.3,18.8,161.6,209.1,162.3,148.4,152.3,156.3,40.4,156.5,158.6,155.7,161.1,161.2,26.2,161.1,161.2,160.7,160.9,210.4,212.8,31.8,25.1,161.5,23.5,32.4,20.7,22.6,26.4,27.7,27.9,34.4,15.3,37.7,24.8,21.9,19.9,20.2,19.7,27.6,30.4,19.6,28.3,26.9,20.1,31.9,27.1,30.1,23.3,27.8,34.0,24.4,18.9,24.5,41.8,28.7,26.4,16.0,30.6,40.2,26.4,22.1,23.6,18.3,23.8,22.4,42.0,34.3,50.4
江上城堡观光索道,25.1,38.1,7.5,37.2,28.5,30.3,57.7,2.6,2.8,17.0,25.5,17.3,37.5,18.3,18.4,24.0,0.0,14.7,30.1,16.3,26.4,32.1,23.1,19.2,18.7,27.2,44.5,18.1,28.1,17.4,21.9,12.3,18.4,18.2,24.4,35.1,46.3,31.9,47.9,16.0,13.1,28.3,18.5,24.2,33.6,43.4,17.7,46.2,26.6,28.8,14.1,25.5,28.0,27.9,16.4,23.6,33.6,51.9,13.0,36.0,18.1,39.2,9.8,24.5,20.7,29.7,52.8,13.4,157.9,210.7,158.3,144.5,148.2,152.1,49.0,152.4,154.4,151.9,157.0,157.7,25.9,157.2,157.6,157.0,157.3,211.6,214.0,30.2,21.0,156.4,30.8,23.2,15.6,18.8,22.3,21.4,23.9,25.3,10.7,25.7,15.2,12.9,15.3,4.5,13.3,23.3,18.0,7.2,22.8,30.3,16.9,26.7,21.5,21.4,18.4,21.6,25.0,19.4,13.8,15.1,50.4,24.7,22.5,12.9,27.5,24.6,25.4,21.3,30.6,18.2,14.7,21.3,42.9,34.5,59.2
哈尔滨市博物馆,31.2,45.9,11.2,43.9,34.2,35.7,44.1,18.2,16.1,3.8,29.0,12.0,21.5,24.6,8.5,28.7,14.7,0.0,16.1,10.8,20.9,27.3,18.6,33.8,6.4,17.9,38.0,19.1,18.9,10.8,14.3,28.8,17.6,7.2,19.5,49.5,48.9,25.1,49.7,16.2,29.8,29.0,23.2,18.1,32.5,58.6,16.4,61.9,27.1,31.6,30.7,19.5,28.7,28.5,12.7,18.0,30.6,57.9,22.4,35.0,33.3,54.8,17.2,24.4,33.1,44.1,56.8,19.4,163.1,214.4,163.4,149.4,153.2,157.3,51.1,157.9,159.9,157.1,162.3,162.9,40.7,162.3,162.7,162.3,162.5,215.2,217.6,32.3,19.9,162.5,45.1,14.1,15.6,24.1,21.7,16.0,21.5,17.4,22.1,16.0,12.6,10.6,22.6,18.9,18.2,11.1,8.1,14.0,17.4,35.6,21.7,31.9,26.4,13.9,20.7,16.1,17.2,16.9,16.1,13.7,53.1,23.7,21.9,26.1,15.3,10.6,39.8,36.0,45.4,32.8,9.8,33.5,36.2,51.2,63.2
极乐寺,38.0,49.8,24.1,49.5,40.2,42.1,31.2,31.2,31.7,20.2,36.6,16.8,14.0,31.6,21.9,35.5,30.1,16.1,0.0,14.3,33.8,21.9,15.8,41.2,25.1,18.3,28.4,11.6,8.4,23.5,23.9,37.2,20.1,14.4,17.1,58.5,48.3,11.8,44.5,22.9,38.6,35.9,28.8,19.0,36.1,49.2,19.3,47.4,34.2,38.0,40.5,20.2,35.8,36.3,20.0,17.5,36.4,57.2,29.0,39.7,39.3,52.5,27.2,32.3,38.4,44.0,56.2,26.9,166.2,216.3,166.9,152.4,156.3,160.5,54.9,160.3,162.2,160.5,166.1,166.6,30.9,166.2,166.0,166.1,166.3,216.1,218.4,23.4,26.6,163.9,46.2,8.5,21.8,29.7,24.1,15.5,20.0,10.3,28.4,11.9,16.9,17.9,28.7,29.0,22.0,16.9,13.7,26.5,16.1,36.0,27.5,31.7,26.6,8.7,18.4,15.3,11.7,17.3,23.1,16.9,57.4,24.4,28.2,32.2,11.5,11.1,49.2,37.5,45.5,41.0,15.1,39.4,23.6,51.5,65.7
黑龙江省博物馆,28.3,41.0,15.3,40.1,30.8,32.5,38.4,25.5,26.4,13.2,26.1,9.5,16.8,22.3,15.1,25.3,16.3,10.8,14.3,0.0,29.3,20.8,13.3,27.9,21.5,12.4,35.1,7.1,14.4,18.9,25.2,23.5,7.3,14.3,14.1,46.1,42.5,18.2,44.6,11.3,24.6,23.8,17.1,12.9,27.0,53.8,8.8,52.6,21.9,25.1,27.8,14.1,23.4,23.4,11.8,12.2,25.3,52.1,16.7,29.0,25.5,49.4,16.9,18.9,24.7,39.5,50.9,13.7,154.3,207.9,154.4,139.9,144.0,148.1,41.2,148.6,150.8,148.0,153.3,154.1,35.4,153.6,154.0,153.3,153.6,208.7,211.1,30.1,14.6,152.8,40.6,10.2,13.6,18.2,16.8,10.1,16.2,9.4,16.9,14.9,3.9,6.9,17.6,23.2,11.7,9.7,12.4,20.6,8.8,29.5,16.1,25.8,20.2,10.1,9.6,10.2,11.0,9.8,16.8,3.7,43.5,18.4,16.9,20.0,16.6,14.4,36.5,31.0,40.3,28.0,7.2,25.4,29.1,45.5,51.5
中东铁路桥,35.2,49.1,19.5,47.0,37.1,38.8,54.0,21.6,23.6,24.9,35.0,23.5,35.8,23.4,22.9,34.5,26.4,20.9,33.8,29.3,0.0,33.2,25.2,29.9,20.6,25.5,41.4,18.9,25.6,18.3,24.9,25.3,26.6,19.0,26.0,46.2,54.5,40.9,56.3,22.0,26.4,36.1,32.0,24.6,39.0,53.1,23.2,57.1,34.9,38.8,27.2,26.1,36.3,35.7,23.5,24.2,38.0,64.0,22.3,41.2,31.6,49.9,20.0,31.4,39.9,40.4,63.2,28.1,170.6,219.6,171.3,156.4,160.4,164.1,58.2,164.5,166.7,164.2,169.8,171.1,35.9,169.9,170.3,169.8,170.0,220.6,222.9,36.5,27.1,168.4,41.5,20.8,21.6,33.0,28.6,22.1,28.3,23.7,29.6,23.0,26.2,20.9,30.0,19.5,26.9,21.6,15.3,17.9,23.3,44.4,30.5,40.4,32.2,21.6,29.5,23.2,23.7,21.8,24.5,25.1,58.5,30.4,28.9,26.4,24.7,21.8,36.6,32.4,41.7,29.9,17.1,39.5,39.8,46.5,69.1
哈药六版画博物馆,42.8,58.4,33.2,55.2,45.3,47.3,38.2,41.7,42.7,31.4,39.6,27.3,20.9,34.1,28.5,38.0,32.1,27.3,21.9,20.8,33.2,0.0,12.1,35.2,34.3,21.2,22.9,20.0,13.2,32.2,33.1,31.0,20.8,23.4,13.3,50.8,48.8,13.4,33.5,25.5,30.4,41.7,27.4,15.4,22.9,43.1,25.4,41.8,39.2,38.3,32.3,17.6,38.2,41.3,24.9,14.2,36.5,58.1,30.1,23.7,31.9,55.6,30.1,40.1,31.0,43.7,47.2,27.4,155.6,208.6,155.9,142.5,145.8,149.8,47.3,150.4,152.5,149.7,154.9,155.5,31.1,154.9,155.3,154.9,155.1,209.4,211.9,25.2,16.7,154.8,45.8,16.2,23.8,25.6,19.1,15.1,18.7,14.5,30.1,20.2,22.3,24.9,30.8,37.4,25.3,25.6,22.1,34.9,18.6,28.9,30.2,31.8,26.3,17.6,17.7,17.6,14.5,16.9,31.3,22.2,49.5,19.7,21.0,26.5,16.4,22.5,40.8,35.0,48.4,32.8,24.4,32.0,16.0,50.0,57.8
龙塔,33.2,47.6,23.4,45.0,35.8,37.6,34.8,34.4,35.3,21.7,28.6,18.3,17.4,25.3,21.8,28.7,23.1,18.6,15.8,13.3,25.2,12.1,0.0,33.5,27.6,14.6,33.6,14.7,11.6,23.2,31.1,29.2,13.6,21.7,4.6,48.8,40.8,12.4,35.8,18.6,28.5,33.8,20.1,7.1,22.1,54.2,18.8,52.6,32.2,30.5,30.2,8.7,31.1,33.4,17.9,7.1,28.6,50.1,22.1,26.0,29.7,51.9,22.1,32.3,28.8,41.1,47.5,20.0,154.3,207.8,154.6,141.3,144.5,148.5,45.2,149.2,151.2,148.3,153.5,154.1,38.5,153.6,153.9,153.5,153.8,208.6,211.1,31.1,12.5,153.6,42.3,14.6,21.6,18.3,12.4,10.3,9.1,14.2,22.7,17.7,15.9,18.1,22.9,28.6,17.9,19.0,16.9,26.3,11.5,27.8,22.3,23.7,18.6,17.3,11.8,10.4,10.7,9.3,19.5,15.8,47.2,12.5,14.1,26.4,14.2,20.1,39.1,32.8,42.0,30.9,12.6,30.1,23.7,48.0,55.7
体育公园,21.6,25.9,22.2,33.1,23.8,25.4,35.9,19.4,19.6,30.1,17.9,26.6,54.9,22.6,31.2,18.3,19.2,33.8,41.2,27.9,29.9,35.2,33.5,0.0,40.1,35.6,46.1,29.8,35.8,26.3,41.5,12.5,28.1,37.5,31.7,42.9,37.7,36.8,49.5,25.3,12.8,21.6,21.2,33.3,36.4,45.0,23.7,47.7,20.7,22.2,12.8,31.6,21.8,21.1,24.6,32.6,22.0,41.9,21.8,41.8,10.7,32.5,20.8,20.2,13.7,19.6,44.5,19.1,160.0,208.8,160.2,146.7,150.2,154.2,30.1,155.0,157.1,154.0,159.1,159.7,28.6,159.1,159.6,159.1,159.4,209.6,211.7,30.8,27.1,159.5,20.6,34.7,19.4,22.8,28.7,30.1,29.9,36.4,17.4,44.6,28.2,24.2,19.4,23.4,21.0,29.4,32.3,24.9,32.3,25.1,20.5,30.5,27.9,32.9,25.9,30.8,36.6,27.1,22.5,28.1,32.3,30.6,28.5,15.8,33.6,42.5,34.2,22.0,20.2,25.1,26.1,17.5,42.9,36.2,39.9
俄罗斯童话博物馆,36.3,51.3,16.4,49.1,38.8,40.1,46.3,22.1,21.9,4.1,33.9,15.1,21.9,20.7,17.0,33.6,18.7,6.4,25.1,21.5,20.6,34.3,27.6,40.1,0.0,20.9,36.6,11.3,20.4,13.3,26.8,21.4,13.8,16.2,18.7,47.1,47.0,24.8,48.0,14.1,22.9,28.6,21.7,17.3,31.7,52.8,15.2,54.5,26.9,30.6,24.9,18.3,28.1,28.1,12.5,17.1,30.0,56.4,14.6,33.5,24.1,49.5,13.4,23.2,23.2,39.4,55.1,11.2,159.2,215.2,159.6,145.6,148.7,153.1,39.8,153.2,155.4,152.8,158.4,159.3,35.2,158.6,158.7,158.4,158.9,216.0,218.4,30.9,19.0,157.5,40.4,15.2,14.5,22.7,21.2,14.1,20.5,17.0,13.2,15.2,7.5,8.3,13.6,15.1,11.2,3.0,8.5,12.9,15.4,33.9,20.1,30.9,24.7,13.9,15.6,14.4,17.3,14.1,9.4,6.9,41.6,22.5,21.1,16.9,15.0,14.3,36.5,30.4,40.1,28.1,7.9,24.4,34.3,45.2,50.3
哈尔滨市儿童公园,36.6,50.3,26.5,48.1,38.6,40.4,39.3,33.5,34.9,23.8,32.5,20.6,21.5,29.6,22.4,32.4,27.2,17.9,18.3,12.4,25.5,21.2,14.6,35.6,20.9,0.0,35.8,11.3,19.0,20.7,29.7,30.9,15.1,19.5,17.8,57.8,45.0,23.2,46.6,17.9,35.0,33.8,23.5,16.2,30.2,52.7,15.8,51.4,32.4,34.4,37.0,17.7,33.6,33.4,18.5,16.1,33.1,54.5,22.8,32.4,36.0,59.8,23.3,28.6,35.4,50.5,53.3,23.4,161.3,215.1,161.6,148.3,151.4,155.3,52.5,156.1,158.2,155.2,160.5,161.1,37.4,160.5,161.0,160.5,160.7,216.3,218.7,30.2,18.6,160.7,51.6,13.8,19.6,24.5,19.9,10.0,18.9,10.0,25.0,16.2,12.5,19.6,23.9,26.6,18.4,17.2,17.2,23.9,7.8,32.4,22.2,28.4,23.2,11.5,15.1,10.3,10.4,13.1,20.0,12.7,54.3,20.9,19.8,26.9,18.0,16.1,48.5,41.5,51.4,38.6,13.3,32.2,29.5,56.7,62.6
波塞冬海底世界,39.5,40.8,43.6,47.1,38.9,41.4,26.0,46.3,48.0,40.4,46.0,36.6,28.9,46.1,38.1,45.1,44.5,38.0,28.4,35.1,41.4,22.9,33.6,46.1,36.6,35.8,0.0,33.9,36.6,46.6,37.9,47.8,41.8,33.8,33.7,75.7,56.3,32.7,50.0,45.3,48.1,59.8,47.4,34.4,33.4,25.7,47.1,24.3,51.9,59.5,49.1,33.2,50.9,59.4,43.3,34.5,49.6,65.1,50.2,37.4,54.0,51.4,49.9,54.5,50.8,43.2,60.9,49.3,166.6,218.6,167.1,152.9,156.3,160.2,49.8,161.1,162.9,161.1,165.8,166.3,29.0,165.8,167.3,165.9,166.0,219.4,221.7,21.2,35.8,165.5,44.5,33.5,44.7,45.9,38.5,37.4,33.1,33.3,48.7,29.8,43.4,39.5,51.8,64.2,43.8,39.5,35.1,62.4,38.4,44.1,46.5,47.0,47.9,32.6,37.9,37.5,34.2,36.4,46.0,43.3,51.1,34.1,34.8,49.5,28.1,31.8,67.7,35.3,43.9,41.6,38.1,52.2,29.4,33.4,60.6
东北烈士纪念馆,30.6,43.2,16.6,42.4,32.9,34.8,32.7,26.1,26.5,15.2,28.1,11.5,16.0,19.6,15.7,27.3,18.1,19.1,11.6,7.1,18.9,20.0,14.7,29.8,11.3,11.3,33.9,0.0,11.9,15.0,19.3,25.6,10.5,10.4,17.2,50.9,44.6,15.2,45.6,11.5,26.9,26.5,19.7,14.7,29.1,45.7,12.4,44.2,24.9,26.1,28.9,15.9,26.1,26.1,13.4,14.8,27.9,53.4,16.9,30.8,28.1,53.2,17.1,20.9,27.0,42.7,53.0,15.6,158.1,212.6,158.5,144.2,147.6,151.6,43.9,152.0,154.2,151.5,157.3,157.9,30.7,157.4,157.7,157.2,157.5,213.4,215.8,24.3,16.7,156.2,43.6,7.5,14.3,20.4,18.6,12.4,17.9,7.7,17.1,9.9,9.6,10.4,17.2,18.7,14.7,9.8,9.0,16.0,10.6,31.6,17.8,28.3,22.4,4.0,14.0,12.6,8.1,12.7,12.3,7.3,45.3,19.8,18.8,21.0,10.0,9.0,42.0,33.9,43.4,31.7,6.3,28.1,25.4,48.9,55.0
哈尔滨文庙,39.0,53.3,25.9,51.1,43.2,44.9,34.6,33.9,35.3,24.7,37.6,20.8,18.3,29.3,20.3,36.8,28.1,18.9,8.4,14.4,25.6,13.2,11.6,35.8,20.4,19.0,36.6,11.9,0.0,23.9,24.5,30.9,15.6,15.2,11.4,52.6,42.4,6.5,43.0,19.1,30.1,35.1,22.3,13.5,29.4,43.9,20.1,42.5,33.5,31.6,32.1,15.2,31.9,34.7,19.0,12.6,29.9,51.0,23.7,33.4,31.4,52.6,24.1,33.2,30.6,41.5,50.8,26.7,157.2,210.8,157.5,143.2,147.2,151.1,47.3,151.7,153.7,150.9,156.4,157.0,28.9,156.4,156.8,156.4,156.7,211.9,214.2,22.5,17.4,156.2,43.1,8.0,22.3,19.9,19.3,12.6,15.1,8.0,28.3,11.8,16.8,18.1,24.6,29.9,18.6,17.0,13.9,27.0,13.6,29.2,24.0,25.3,20.4,9.8,12.3,12.6,11.7,11.0,23.1,16.6,49.1,19.3,20.4,27.6,8.9,14.4,43.5,35.2,42.2,33.0,15.8,31.8,21.5,49.0,58.7
梅金肖克百年庭院,23.2,35.9,22.7,34.9,26.1,27.8,45.6,21.0,22.0,13.8,21.1,14.5,23.6,27.6,20.1,20.5,17.4,10.8,23.5,18.9,18.3,32.2,23.2,26.3,13.3,20.7,46.6,15.0,23.9,0.0,25.6,18.9,13.8,18.4,20.5,41.7,46.6,26.7,50.1,17.4,20.2,32.2,23.5,19.1,33.6,45.9,14.4,46.8,30.4,31.8,19.8,20.0,31.6,31.8,9.4,21.1,33.4,55.3,11.4,35.5,25.2,42.8,12.2,26.5,24.2,33.0,55.1,14.1,161.6,214.6,162.1,147.7,151.3,155.3,41.2,155.9,157.8,155.3,160.8,161.4,28.7,160.8,161.3,160.7,160.9,215.5,217.9,33.0,20.9,160.4,34.0,20.4,13.6,24.2,21.9,19.1,22.0,19.2,13.8,23.4,13.6,9.2,14.5,11.0,13.6,14.7,18.2,8.6,16.1,33.3,21.8,32.1,24.1,18.5,15.9,19.5,20.5,16.4,14.1,12.7,44.3,25.2,22.0,18.3,25.6,21.5,31.6,23.9,33.8,21.6,12.3,26.6,38.2,38.5,54.1
中东铁路桥头堡,36.8,50.7,19.5,48.6,40.8,42.4,34.8,23.6,24.9,17.4,36.0,24.4,14.5,23.9,19.1,35.2,21.9,14.3,23.9,25.2,24.9,33.1,31.1,41.5,26.8,29.7,37.9,19.3,24.5,25.6,0.0,23.3,22.2,14.7,26.8,45.6,55.5,37.3,56.5,22.0,24.1,37.2,29.8,25.4,40.3,52.2,22.3,53.4,36.1,38.2,24.9,26.7,37.2,36.8,19.0,24.8,38.8,64.0,19.3,42.5,29.4,49.0,17.6,31.8,36.2,38.9,64.1,24.0,168.0,216.0,168.5,153.1,157.3,161.5,54.6,161.5,163.6,161.1,167.1,168.3,34.4,167.7,167.7,167.1,167.8,216.9,219.3,34.5,27.5,165.6,39.9,21.0,22.3,31.0,28.9,22.2,28.9,24.2,25.6,21.2,23.2,15.6,26.1,15.1,22.2,18.0,14.6,13.2,23.6,41.9,28.2,38.6,33.0,19.4,24.9,22.4,23.5,22.1,20.0,22.7,55.4,30.9,29.1,24.9,23.1,20.0,36.9,30.0,39.9,27.4,15.4,36.8,37.1,45.8,67.4
哈尔滨美术馆,21.5,26.9,18.3,28.7,19.7,21.0,31.9,16.6,16.9,25.6,11.9,22.1,49.6,18.3,27.0,12.3,12.3,28.8,37.2,23.5,25.3,31.0,29.2,12.5,21.4,30.9,47.8,25.6,30.9,18.9,23.3,0.0,25.0,35.4,27.8,40.8,37.9,32.4,49.8,19.8,7.9,22.0,17.8,28.8,35.8,47.0,18.9,47.5,20.3,21.6,7.9,27.2,21.5,21.6,20.3,28.0,23.3,41.4,15.1,37.8,10.3,32.5,16.6,17.0,12.6,20.3,45.1,14.1,161.4,205.9,162.0,147.7,151.3,155.2,30.6,155.8,157.8,155.2,160.7,161.3,28.6,160.7,161.2,160.7,160.9,206.8,209.2,33.0,23.0,160.3,21.1,32.9,16.3,18.5,24.0,25.7,25.6,34.0,11.0,38.4,26.1,21.9,16.5,19.9,18.6,26.8,29.5,21.6,29.9,33.2,16.9,30.0,23.8,31.0,21.3,25.9,34.5,22.6,20.1,25.9,32.1,26.1,24.0,9.3,28.0,40.8,32.1,22.6,21.1,21.3,23.9,16.3,37.1,38.6,41.2
哈尔滨工业大学博物馆,28.9,43.1,18.0,41.1,32.1,34.0,44.4,29.9,29.6,17.4,25.1,14.5,21.4,19.6,27.2,25.0,18.4,17.6,20.1,7.3,26.6,20.8,13.6,28.1,13.8,15.1,41.8,10.5,15.6,13.8,22.2,25.0,0.0,16.2,16.3,46.0,41.7,19.6,45.8,9.4,23.6,23.3,15.9,14.7,29.2,52.5,7.8,53.4,21.5,23.3,26.9,16.0,22.7,22.9,10.4,14.0,24.4,50.2,14.5,31.1,24.3,49.0,15.6,18.8,23.9,38.6,50.1,12.6,159.3,204.3,159.6,145.0,149.3,153.4,40.4,154.1,155.5,152.6,158.4,159.1,34.6,158.4,158.9,158.0,158.7,205.2,208.5,31.0,15.4,158.1,39.8,11.3,12.4,17.0,18.5,11.2,17.9,10.2,15.7,15.3,5.9,9.8,15.4,22.9,9.7,10.0,12.8,20.7,9.1,27.9,14.8,25.3,19.7,10.6,9.1,11.9,11.7,9.1,12.2,6.1,41.7,19.7,18.4,19.0,17.2,15.5,36.1,29.4,39.6,27.0,9.0,24.6,29.6,44.0,51.4
龙江大舞台旗舰店,34.6,48.6,14.4,47.0,38.2,39.9,30.5,22.0,22.8,10.2,33.2,16.0,6.7,21.5,8.7,33.5,18.2,7.2,14.4,14.3,19.0,23.4,21.7,37.5,16.2,19.5,33.8,10.4,15.2,18.4,14.7,35.4,16.2,0.0,21.0,63.0,49.2,20.9,52.4,18.6,44.7,32.7,26.1,22.5,37.2,47.4,18.9,45.9,32.3,33.9,45.4,22.8,33.6,32.3,17.4,21.1,35.4,57.8,23.6,39.4,35.0,69.7,31.8,27.6,34.3,59.6,57.5,22.5,164.3,212.6,164.7,150.4,155.1,159.2,51.2,158.7,161.7,158.2,164.3,165.3,31.9,164.4,165.0,164.3,163.8,213.5,215.8,24.8,23.7,164.1,60.9,11.5,18.9,27.1,25.9,17.1,24.8,14.9,23.9,9.4,27.4,26.1,24.3,34.5,18.2,22.3,13.3,34.0,18.0,36.1,24.8,32.3,27.0,11.3,19.8,17.4,14.5,18.6,19.3,26.6,52.5,26.9,26.0,27.7,10.8,6.9,54.8,50.8,61.0,47.6,12.0,33.1,27.8,67.7,62.6
雅致永悦汇养生沐浴,34.4,48.3,24.3,46.4,37.1,39.0,36.1,35.6,36.5,23.0,30.0,19.2,18.6,26.6,23.2,30.0,24.4,19.5,17.1,14.1,26.0,13.3,4.6,31.7,18.7,17.8,33.7,17.2,11.4,20.5,26.8,27.8,16.3,21.0,0.0,46.9,39.9,11.8,35.6,16.5,27.7,32.5,19.6,6.3,21.8,53.4,16.9,51.9,30.7,28.9,29.4,7.2,29.8,32.0,16.2,4.2,27.1,48.5,20.3,26.1,28.9,52.0,20.6,30.7,28.3,41.2,48.2,18.0,154.5,204.0,154.9,140.8,144.8,148.7,45.3,149.5,151.5,148.6,153.7,154.4,37.1,153.7,154.2,153.7,153.9,204.8,207.3,30.1,11.3,153.9,42.3,13.7,21.0,18.6,9.7,10.8,7.2,11.6,20.9,16.8,15.2,15.9,21.2,26.6,15.8,23.0,19.6,28.6,12.9,26.5,21.6,23.0,18.2,14.6,10.1,11.8,11.1,8.8,17.8,15.1,46.5,10.5,11.4,24.5,13.6,19.2,38.2,32.4,42.2,29.6,14.1,29.1,22.1,47.5,56.5
太阳岛风景区-东北抗日联军纪念园,32.2,49.0,39.7,9.8,20.2,21.5,50.4,37.9,37.7,46.7,37.8,44.5,68.4,35.8,46.8,35.9,35.1,49.5,58.5,46.1,46.2,50.8,48.8,42.9,47.1,57.8,75.7,50.9,52.6,41.7,45.6,40.8,46.0,63.0,46.9,0.0,58.4,46.9,60.5,27.9,24.8,42.6,30.2,39.6,46.4,39.3,29.3,40.3,41.6,43.5,25.7,37.6,42.9,42.2,33.6,38.9,45.7,67.2,26.8,48.6,29.7,35.9,24.6,38.2,33.2,26.7,64.9,29.9,171.6,221.8,171.9,158.5,161.9,165.5,62.6,166.1,168.2,165.7,170.9,171.5,21.8,170.8,171.2,170.9,171.2,222.8,225.2,26.1,33.5,170.1,27.9,44.0,28.0,31.2,34.5,40.5,36.4,43.0,24.7,50.9,36.4,33.3,27.8,27.9,32.5,37.9,40.6,30.2,41.2,43.4,29.0,39.6,34.0,42.5,31.9,40.5,41.5,37.0,30.6,38.8,63.2,36.7,34.5,25.6,42.5,50.0,17.2,20.6,27.8,18.4,35.3,34.6,47.6,31.2,72.4
平房公园,53.1,46.2,50.6,64.8,55.8,57.2,57.8,51.0,50.0,53.6,39.2,47.0,46.1,46.9,50.8,40.0,46.3,48.9,48.3,42.5,54.5,48.8,40.8,37.7,47.0,45.0,56.3,44.6,42.4,46.6,55.5,37.9,41.7,49.2,39.9,58.4,0.0,56.5,45.1,51.8,48.1,53.1,37.5,53.9,35.3,76.1,49.2,74.4,51.9,54.5,62.9,39.6,51.1,52.8,53.7,53.9,48.7,21.1,58.7,40.8,41.2,59.6,58.6,56.1,38.6,46.8,12.3,54.9,151.8,194.5,152.0,138.2,142.1,146.0,55.1,146.8,148.8,145.9,150.9,151.5,72.3,150.9,151.3,150.9,151.0,195.4,197.8,55.6,46.9,151.4,48.1,56.2,55.5,35.1,36.9,49.8,38.4,53.3,58.4,54.8,54.8,52.6,59.5,66.6,52.6,58.8,61.6,61.7,51.1,25.8,36.7,28.8,45.4,56.0,45.2,49.9,49.9,47.0,54.6,54.4,51.6,33.0,35.0,44.9,51.7,58.0,71.2,48.8,47.5,65.3,52.6,40.8,50.2,84.8,65.0
哈军工纪念馆,40.0,58.2,29.4,52.2,44.2,46.0,37.5,44.7,45.5,29.0,35.5,25.8,19.3,32.7,27.0,36.1,31.9,25.1,11.8,18.2,40.9,13.4,12.4,36.8,24.8,23.2,32.7,15.2,6.5,26.7,37.3,32.4,19.6,20.9,11.8,46.9,56.5,0.0,39.2,25.3,38.8,42.2,30.1,15.7,24.9,47.5,25.2,45.8,41.2,39.5,40.7,17.3,40.1,42.2,25.7,15.0,37.2,58.0,29.9,29.4,39.7,52.8,30.9,41.2,38.9,42.1,53.2,34.0,154.0,203.5,154.1,139.7,144.2,147.9,55.7,148.6,150.5,148.0,153.1,153.7,29.6,153.1,153.2,153.1,153.3,204.4,206.8,23.1,21.1,152.2,44.1,13.3,28.8,28.1,21.5,15.0,20.0,14.7,35.6,16.3,21.9,24.2,31.9,36.1,25.6,23.1,19.6,33.1,16.6,36.9,32.5,32.9,27.7,14.8,19.1,15.4,12.0,17.4,29.8,21.8,56.8,21.7,23.1,35.0,13.3,16.4,48.1,35.0,43.0,40.3,22.2,39.6,16.1,49.7,67.4
哈尔滨伏尔加庄园,55.0,58.3,55.8,66.8,57.5,59.0,53.2,52.5,52.3,53.5,51.8,49.0,51.8,50.0,53.4,51.7,47.9,49.7,44.5,44.6,56.3,33.5,35.8,49.5,48.0,46.6,50.0,45.6,43.0,50.1,56.5,49.8,45.8,52.4,35.6,60.5,45.1,39.2,0.0,41.9,51.2,48.1,46.8,41.0,22.1,55.3,40.0,54.0,45.5,50.9,52.6,39.9,44.2,47.5,43.8,39.9,42.4,44.6,49.2,24.0,51.8,68.5,47.6,48.7,51.3,55.5,44.4,48.6,145.9,202.3,146.3,132.1,136.4,140.2,60.3,141.2,143.1,140.0,145.0,145.7,54.2,145.1,145.6,145.1,145.3,202.4,204.7,49.5,37.5,146.1,56.9,45.8,44.5,47.8,35.1,41.4,37.5,44.1,45.0,47.4,44.7,43.7,49.0,53.8,44.0,49.1,52.0,53.7,42.6,37.4,45.5,41.2,44.4,46.6,36.6,41.7,42.4,38.1,45.9,44.6,61.6,32.6,34.6,47.4,43.3,49.5,60.1,55.7,56.1,52.7,46.5,48.7,42.8,71.8,70.5
哈尔滨清滨公园投影民宿(哈尔滨工业大学店),23.0,36.1,19.3,34.1,25.3,27.1,37.4,30.9,32.2,18.2,21.1,14.7,21.9,22.2,21.2,21.0,16.0,16.2,22.9,11.3,22.0,25.5,18.6,25.3,14.1,17.9,45.3,11.5,19.1,17.4,22.0,19.8,9.4,18.6,16.5,27.9,51.8,25.3,41.9,0.0,16.2,19.3,9.9,20.8,26.6,44.4,4.6,45.3,16.4,21.1,18.1,18.6,17.8,18.1,7.5,20.4,20.1,47.4,12.7,28.9,21.4,41.0,13.5,15.3,17.6,31.1,45.0,7.7,152.7,201.4,153.1,138.6,142.9,146.9,33.9,147.5,149.7,146.8,151.8,152.6,26.7,152.0,152.3,151.8,152.1,202.3,204.8,30.8,13.3,152.1,32.2,17.6,2.7,10.7,16.9,17.9,18.4,16.5,9.6,22.1,9.5,7.8,9.7,20.1,9.1,13.1,14.5,18.3,15.1,21.8,8.7,18.1,16.7,16.5,12.6,17.8,18.4,13.4,10.5,9.3,34.8,18.5,17.5,10.2,18.4,20.6,26.4,22.1,31.7,19.1,12.3,15.8,29.8,36.2,44.6
哈尔滨群力丁香公园地铁站亚朵酒店,21.3,31.1,19.1,29.5,20.5,22.2,32.5,17.6,17.1,26.4,13.6,23.8,50.3,18.4,27.9,13.6,13.1,29.8,38.6,24.6,26.4,30.4,28.5,12.8,22.9,35.0,48.1,26.9,30.1,20.2,24.1,7.9,23.6,44.7,27.7,24.8,48.1,38.8,51.2,16.2,0.0,21.3,14.4,28.7,35.9,44.9,19.2,45.5,17.6,18.6,7.2,27.3,18.3,18.9,16.8,28.4,20.2,45.3,15.2,38.4,7.7,39.0,16.7,14.5,11.1,26.0,56.2,13.2,161.4,206.7,161.3,146.1,151.2,154.5,31.9,155.6,157.5,155.2,160.6,161.1,27.1,160.6,161.0,160.5,160.7,207.4,209.8,31.2,22.9,159.2,27.1,29.1,12.6,14.5,24.4,24.8,26.3,30.8,11.2,31.9,22.1,18.3,15.8,19.7,15.8,21.6,24.7,20.8,25.4,26.6,13.2,22.8,20.3,26.9,20.8,25.1,30.2,21.6,17.6,21.9,32.9,26.6,24.7,8.4,26.6,30.2,27.4,22.7,26.7,19.8,20.4,13.4,39.3,36.9,42.7
万达广场(哈尔滨哈西店),32.1,35.3,33.4,43.0,34.2,35.7,46.4,29.4,28.9,37.9,23.5,28.5,36.3,27.2,32.6,24.5,28.3,29.0,35.9,23.8,36.1,41.7,33.8,21.6,28.6,33.8,59.8,26.5,35.1,32.2,37.2,22.0,23.3,32.7,32.5,42.6,53.1,42.2,48.1,19.3,21.3,0.0,22.0,33.0,41.5,60.0,19.3,61.8,3.2,12.1,20.5,32.9,8.3,0.5,21.8,32.1,9.9,39.6,28.6,43.7,19.8,44.9,29.3,9.4,21.7,31.6,51.8,24.9,163.3,206.9,163.8,148.7,153.5,157.2,38.2,157.8,159.8,157.5,162.8,163.5,43.2,162.8,162.9,162.8,163.0,207.7,210.1,48.6,28.1,161.7,32.7,29.8,19.9,19.7,29.7,29.2,31.6,32.2,27.6,35.2,20.9,23.3,26.4,36.4,23.4,25.2,29.7,34.4,30.4,21.2,17.2,17.4,21.1,28.6,24.3,29.3,30.3,25.9,25.9,20.5,39.6,31.7,30.1,23.5,30.9,36.4,42.9,38.4,32.2,35.6,27.2,12.3,44.6,55.0,51.0
凯德广场·学府,24.8,38.7,25.8,36.5,26.7,28.4,40.1,22.6,22.0,29.5,22.0,22.2,30.8,19.3,27.2,21.4,18.5,23.2,28.8,17.1,32.0,27.4,20.1,21.2,21.7,23.5,47.4,19.7,22.3,23.5,29.8,17.8,15.9,26.1,19.6,30.2,37.5,30.1,46.8,9.9,14.4,22.0,0.0,22.6,29.9,52.0,11.0,53.9,18.0,20.1,17.9,21.0,19.7,20.7,16.4,22.2,18.0,47.2,22.6,32.1,21.7,48.5,21.0,13.8,24.4,38.2,47.2,15.3,152.1,204.8,152.6,137.8,144.4,146.5,42.2,146.9,148.9,146.4,151.5,152.1,34.1,151.6,151.8,151.4,151.7,205.1,207.4,39.8,16.9,151.2,39.4,24.1,12.4,6.9,18.6,24.6,19.6,23.4,17.6,28.7,18.3,17.0,18.5,27.7,17.7,23.6,26.6,28.1,22.0,18.8,3.6,14.9,12.2,24.1,14.7,19.8,24.9,15.9,19.9,18.2,42.7,19.9,18.4,13.7,21.0,27.5,33.7,29.4,39.1,27.0,21.6,18.6,32.8,45.2,53.3
万达广场(哈尔滨香坊店),34.0,47.0,23.1,46.0,36.0,37.5,38.1,34.1,35.0,21.6,34.5,18.0,24.9,26.2,21.8,33.6,24.2,18.1,19.0,12.9,24.6,15.4,7.1,33.3,17.3,16.2,34.4,14.7,13.5,19.1,25.4,28.8,14.7,22.5,6.3,39.6,53.9,15.7,41.0,20.8,28.7,33.0,22.6,0.0,23.5,57.1,18.4,55.4,35.7,33.9,33.9,0.5,34.6,36.9,20.0,7.4,31.9,53.7,24.8,25.9,33.4,55.1,25.5,35.5,32.4,45.0,48.4,23.0,153.3,202.0,153.7,139.5,143.5,147.5,49.6,148.1,150.2,147.4,152.5,153.1,41.5,152.5,152.9,152.5,152.7,202.8,205.2,35.1,11.9,152.8,46.2,18.7,25.1,23.1,10.5,14.5,7.4,15.9,25.6,21.6,18.9,19.8,25.9,33.6,19.8,21.7,24.6,30.2,14.8,29.1,26.7,27.2,21.7,19.2,14.6,16.0,14.9,13.6,22.1,18.7,50.1,10.8,12.1,30.0,17.9,23.5,39.6,36.2,45.6,33.7,15.7,32.9,22.7,53.0,61.1
万达广场(哈尔滨哈东店),41.0,44.9,37.1,52.7,43.4,44.8,36.1,38.3,37.7,36.3,37.8,32.2,40.3,35.6,36.4,38.5,33.6,32.5,36.1,27.0,39.0,22.9,22.1,36.4,31.7,30.2,33.4,29.1,29.4,33.6,40.3,35.8,29.2,37.2,21.8,46.4,35.3,24.9,22.1,26.6,35.9,41.5,29.9,23.5,0.0,50.4,25.5,49.2,36.0,41.1,38.3,19.6,34.5,37.9,29.0,20.4,32.9,48.3,34.5,9.7,37.5,62.2,33.1,39.3,36.8,45.1,40.4,34.2,149.9,191.8,150.2,135.9,140.3,144.3,50.2,145.0,147.1,144.2,149.1,149.7,37.6,149.1,149.6,149.1,149.3,192.7,195.1,33.2,20.9,149.6,46.4,32.0,29.7,33.0,18.3,25.4,17.5,30.4,30.4,33.3,29.6,28.8,34.4,44.2,28.9,33.0,31.0,41.1,25.2,27.2,31.2,31.2,29.7,31.7,22.1,25.5,26.6,24.5,30.9,29.4,50.8,17.9,19.1,33.1,28.3,34.1,44.7,41.2,45.8,38.6,26.3,37.6,27.1,57.5,60.3
杉杉奥特莱斯广场·哈尔滨,35.5,35.2,45.0,42.6,34.2,35.9,42.3,44.5,45.0,54.0,44.2,53.0,47.9,44.2,55.4,43.3,43.4,58.6,49.2,53.8,53.1,43.1,54.2,45.0,52.8,52.7,25.7,45.7,43.9,45.9,52.2,47.0,52.5,47.4,53.4,39.3,76.1,47.5,55.3,44.4,44.9,60.0,52.0,57.1,50.4,0.0,44.8,2.2,56.1,57.7,41.0,52.7,57.4,57.1,48.4,55.7,60.0,54.3,40.9,58.1,45.0,31.9,39.2,52.1,51.0,35.5,63.9,43.0,174.7,217.1,175.2,160.3,164.8,168.4,50.0,169.2,171.1,168.8,173.7,174.3,30.7,173.6,173.9,173.7,173.9,218.8,221.2,32.3,49.6,173.4,34.0,46.8,42.5,47.7,50.4,52.3,51.8,47.9,39.0,43.5,52.0,48.9,42.2,44.6,46.3,52.0,48.7,44.1,55.4,58.9,45.0,54.6,51.0,45.2,48.4,52.2,49.0,52.9,45.4,54.2,50.6,52.7,50.5,41.0,42.2,45.6,48.8,27.2,35.7,33.1,50.6,50.6,53.5,15.9,62.6
哈特购物广场,23.4,37.3,19.1,35.1,25.2,26.9,38.4,20.1,19.5,18.7,22.7,14.8,22.0,26.0,21.1,22.9,17.7,16.4,19.3,8.8,23.2,25.4,18.8,23.7,15.2,15.8,47.1,12.4,20.1,14.4,22.3,18.9,7.8,18.9,16.9,29.3,49.2,25.2,40.0,4.6,19.2,19.3,11.0,18.4,25.5,44.8,0.0,51.0,21.6,25.1,21.3,15.5,22.9,22.8,11.1,16.5,22.8,49.8,18.1,29.8,23.4,44.8,18.7,18.5,22.6,35.6,48.9,15.5,153.8,205.4,154.3,140.0,144.0,148.1,39.8,148.5,150.7,147.8,153.0,153.7,32.0,153.1,153.5,153.0,153.2,206.3,208.7,37.1,9.7,153.2,36.8,17.3,7.6,12.1,13.0,17.1,17.3,16.4,13.5,21.9,10.8,13.2,20.5,26.9,13.2,15.8,18.7,23.8,14.8,23.1,10.4,19.2,18.2,17.0,8.4,18.1,18.2,10.6,14.7,10.7,40.8,17.2,13.2,13.2,16.7,22.2,30.6,27.1,36.4,24.4,14.1,20.4,36.9,41.9,51.8
杉杉(杉杉奥特莱斯广场·哈尔滨店),37.5,38.2,47.1,45.5,36.1,37.6,46.5,47.0,46.2,55.5,45.2,54.9,46.2,45.7,54.1,45.3,46.2,61.9,47.4,52.6,57.1,41.8,52.6,47.7,54.5,51.4,24.3,44.2,42.5,46.8,53.4,47.5,53.4,45.9,51.9,40.3,74.4,45.8,54.0,45.3,45.5,61.8,53.9,55.4,49.2,2.2,51.0,0.0,55.5,57.2,41.2,52.1,57.1,57.2,48.8,53.8,60.2,54.6,41.5,64.5,45.7,31.5,39.3,52.0,49.9,35.6,63.6,43.4,176.1,216.8,176.8,162.0,166.9,170.4,49.4,170.9,172.8,171.0,175.7,176.4,30.6,175.7,175.8,175.7,175.9,217.7,220.1,32.6,49.9,175.1,35.0,46.6,42.3,47.7,50.6,56.2,51.3,47.8,39.3,44.0,51.1,48.5,42.3,44.3,46.4,52.2,55.2,44.8,55.7,58.9,45.0,54.8,51.0,45.4,48.1,56.2,49.0,52.6,46.0,54.6,50.5,53.3,50.5,40.5,42.2,45.9,49.2,26.9,35.6,33.0,50.5,50.6,54.1,15.5,61.4
金爵万象商业广场,29.9,33.5,31.5,41.4,32.6,34.2,44.1,27.4,27.1,36.3,22.3,26.7,35.0,25.7,31.1,22.6,26.6,27.1,34.2,21.9,34.9,39.2,32.2,20.7,26.9,32.4,51.9,24.9,33.5,30.4,36.1,20.3,21.5,32.3,30.7,41.6,51.9,41.2,45.5,16.4,17.6,3.2,18.0,35.7,36.0,56.1,21.6,55.5,0.0,7.9,18.8,32.0,4.5,2.3,20.0,31.5,6.7,38.4,27.1,42.9,18.5,42.3,27.8,6.5,21.7,30.0,51.6,22.2,160.1,203.0,160.3,145.9,150.3,154.3,38.4,155.2,157.2,154.2,159.1,159.8,41.3,159.2,159.6,159.1,159.4,203.9,206.2,46.8,27.8,159.9,31.2,31.6,18.8,14.7,28.9,28.0,30.4,31.0,26.2,34.3,19.1,21.8,25.6,35.4,21.5,26.6,27.4,33.3,30.3,18.2,14.2,14.3,18.0,30.0,23.8,28.4,29.0,25.4,24.3,18.9,39.7,30.5,28.8,22.0,29.9,34.1,40.5,36.3,31.0,33.8,25.2,9.6,42.5,53.1,50.2
哈尔滨西站万达广场中心桔子水晶酒店,32.9,37.7,34.7,45.0,35.7,37.4,47.4,30.2,29.9,39.2,25.1,32.1,39.4,28.1,36.1,24.9,28.8,31.6,38.0,25.1,38.8,38.3,30.5,22.2,30.6,34.4,59.5,26.1,31.6,31.8,38.2,21.6,23.3,33.9,28.9,43.5,54.5,39.5,50.9,21.1,18.6,12.1,20.1,33.9,41.1,57.7,25.1,57.2,7.9,0.0,17.7,31.1,6.5,3.6,18.9,31.4,8.0,40.1,25.4,42.0,15.7,43.7,26.2,1.8,18.2,31.1,50.7,21.2,162.7,203.4,163.2,149.1,152.8,156.6,35.9,157.2,159.2,156.8,161.8,162.8,39.2,162.2,162.4,161.8,162.1,204.3,206.6,45.4,27.1,161.7,32.4,30.1,17.0,12.5,28.1,27.7,30.0,30.7,24.2,34.0,18.3,19.8,24.6,33.6,20.0,24.6,25.5,31.3,24.7,17.6,12.4,13.9,17.3,27.9,22.8,28.0,28.8,24.4,22.2,18.2,36.8,30.1,28.1,19.9,29.6,32.1,38.5,34.6,31.8,31.8,23.2,10.1,40.9,51.0,46.8
哈尔滨记忆城市文化主题餐厅(金中环广场店),18.8,26.9,19.4,30.3,21.1,22.8,33.6,18.6,18.2,27.3,14.7,25.8,51.2,21.4,28.9,14.3,14.1,30.7,40.5,27.8,27.2,32.3,30.2,12.8,24.9,37.0,49.1,28.9,32.1,19.8,24.9,7.9,26.9,45.4,29.4,25.7,62.9,40.7,52.6,18.1,7.2,20.5,17.9,33.9,38.3,41.0,21.3,41.2,18.8,17.7,0.0,25.7,23.4,23.3,19.5,27.2,25.4,43.7,13.4,36.8,12.0,34.8,15.3,18.4,15.9,22.9,50.0,11.6,160.8,206.7,161.2,147.1,151.1,155.0,33.6,155.4,157.6,155.0,159.9,160.7,26.4,160.1,160.3,159.9,160.2,207.6,210.0,31.0,21.9,160.0,24.1,30.4,13.4,18.0,23.1,24.7,25.0,31.8,10.5,39.8,23.1,19.3,14.0,20.2,16.9,23.6,26.5,20.5,25.1,29.5,15.5,25.5,22.5,28.2,20.0,25.1,32.4,21.4,17.8,22.9,34.8,25.2,22.9,7.8,26.8,38.8,25.1,22.3,23.5,18.8,21.7,18.5,35.9,36.2,44.4
万达影城(哈尔滨香坊万达广场店),32.1,45.1,24.2,44.1,34.2,35.7,40.1,35.4,36.7,23.0,30.4,18.8,26.0,27.1,22.8,29.9,25.5,19.5,20.2,14.1,26.1,17.6,8.7,31.6,18.3,17.7,33.2,15.9,15.2,20.0,26.7,27.2,16.0,22.8,7.2,37.6,39.6,17.3,39.9,18.6,27.3,32.9,21.0,0.5,19.6,52.7,15.5,52.1,32.0,31.1,25.7,0.0,28.9,32.4,18.8,3.9,26.8,47.0,23.4,20.9,28.9,50.0,24.2,28.8,27.9,40.8,44.1,27.9,149.4,198.5,149.7,135.8,139.9,143.9,44.7,144.7,146.6,143.7,148.4,149.1,37.8,148.4,148.9,148.4,148.6,199.4,201.8,31.4,8.8,149.3,42.0,18.6,20.8,22.0,8.9,11.8,6.7,15.1,21.8,19.3,16.2,21.8,24.5,30.8,18.8,19.5,17.6,27.7,12.2,23.9,21.8,23.2,20.7,18.0,10.5,12.7,12.6,11.2,23.1,16.0,45.7,10.3,9.1,23.7,16.5,21.9,35.7,32.5,41.5,29.5,12.7,28.8,20.1,48.3,56.0
哈尔滨西站万达广场美居酒店,31.6,32.7,33.3,43.2,34.1,35.7,45.8,28.9,28.4,37.7,23.6,28.2,36.5,27.1,32.5,24.1,28.0,28.7,35.8,23.4,36.3,38.2,31.1,21.8,28.1,33.6,50.9,26.1,31.9,31.6,37.2,21.5,22.7,33.6,29.8,42.9,51.1,40.1,44.2,17.8,18.3,8.3,19.7,34.6,34.5,57.4,22.9,57.1,4.5,6.5,23.4,28.9,0.0,9.2,18.9,31.8,6.2,35.3,25.8,37.8,17.6,38.8,26.7,7.4,20.9,26.7,41.9,21.7,156.4,199.3,156.8,143.1,147.0,150.8,37.5,151.9,153.7,150.8,155.5,156.4,39.0,155.8,156.2,155.5,155.8,199.1,201.5,45.7,25.5,156.6,28.5,32.2,17.9,16.2,28.9,28.7,30.3,31.8,24.8,34.5,21.8,20.5,24.9,33.7,20.9,29.1,25.4,32.0,28.4,16.9,16.4,12.9,19.3,31.4,23.9,29.1,30.2,25.4,23.4,21.7,38.2,31.7,29.2,19.6,30.7,33.0,39.6,28.9,27.9,31.6,23.3,8.8,42.0,51.2,47.5
波波笑剧场(哈尔滨哈西万达广场店),31.6,34.8,32.9,42.5,33.7,35.2,45.9,28.9,28.4,37.4,23.1,28.0,35.9,26.8,32.2,24.0,27.9,28.5,36.3,23.4,35.7,41.3,33.4,21.1,28.1,33.4,59.4,26.1,34.7,31.8,36.8,21.6,22.9,32.3,32.0,42.2,52.8,42.2,47.5,18.1,18.9,0.5,20.7,36.9,37.9,57.1,22.8,57.2,2.3,3.6,23.3,32.4,9.2,0.0,20.2,31.9,6.5,39.7,27.1,43.1,20.1,43.2,27.8,9.2,21.7,31.5,52.4,22.0,162.9,203.2,163.4,149.8,153.2,157.0,38.0,157.3,159.4,156.8,162.2,163.0,41.1,162.4,162.6,162.2,162.5,204.1,206.4,47.0,27.9,161.7,32.5,33.8,21.9,17.2,29.2,28.8,30.9,31.9,25.1,34.9,20.8,21.7,25.4,34.9,22.2,28.4,26.7,33.0,30.2,20.3,17.0,17.0,20.6,31.7,24.1,29.1,29.9,25.6,24.6,20.7,39.9,31.1,29.2,21.5,30.7,34.2,41.4,36.4,32.0,33.4,24.4,11.9,41.9,53.3,49.0
全季酒店(哈尔滨中央大街哈站北广场店),25.4,39.2,14.8,37.4,28.4,30.4,40.9,27.4,27.1,15.9,21.5,13.1,20.0,22.7,18.8,21.6,16.4,12.7,20.0,11.8,23.5,24.9,17.9,24.6,12.5,18.5,43.3,13.4,19.0,9.4,19.0,20.3,10.4,17.4,16.2,33.6,53.7,25.7,43.8,7.5,16.8,21.8,16.4,20.0,29.0,48.4,11.1,48.8,20.0,18.9,19.5,18.8,18.9,20.2,0.0,15.8,26.2,51.4,12.7,32.3,22.6,45.7,13.0,20.8,21.7,35.9,52.3,11.4,161.1,208.2,161.4,147.8,151.5,155.3,38.6,156.2,158.2,155.3,160.2,160.9,31.8,160.3,160.7,160.2,160.4,209.1,211.4,31.5,18.1,160.8,37.1,15.1,7.9,18.5,19.2,13.0,18.7,13.6,13.0,16.5,11.6,3.5,14.1,28.1,7.8,11.0,8.1,15.8,14.5,29.5,16.2,25.6,19.4,13.8,13.3,13.3,17.9,13.1,7.2,11.1,40.2,20.5,19.3,17.2,15.1,14.9,32.5,27.1,36.5,24.5,6.5,20.6,32.4,42.8,49.7
如家酒店(哈尔滨香坊万达广场龙塔店),33.1,46.2,22.3,45.3,35.4,37.0,36.9,33.6,34.8,21.0,33.4,17.1,19.2,25.4,21.3,32.8,23.6,18.0,17.5,12.2,24.2,14.2,7.1,32.6,17.1,16.1,34.5,14.8,12.6,21.1,24.8,28.0,14.0,21.1,4.2,38.9,53.9,15.0,39.9,20.4,28.4,32.1,22.2,7.4,20.4,55.7,16.5,53.8,31.5,31.4,27.2,3.9,31.8,31.9,15.8,0.0,30.0,51.4,22.1,23.0,31.7,53.2,22.6,25.9,30.6,43.4,48.5,24.9,152.2,198.9,152.8,138.9,143.0,146.8,47.2,147.7,149.7,146.8,151.5,152.1,39.9,151.6,152.0,151.5,151.7,199.8,202.2,33.1,11.2,152.4,44.6,16.9,20.7,20.7,10.5,10.3,7.5,13.3,26.6,18.0,14.2,19.9,23.1,29.1,17.9,17.9,16.0,25.8,10.2,29.6,23.9,25.5,20.0,16.4,9.8,10.8,10.5,9.9,21.0,14.2,48.7,11.6,10.9,26.8,16.7,18.5,39.4,34.8,44.1,32.1,11.1,31.6,21.6,52.2,58.6
希岸Deluxe酒店(哈尔滨哈西高铁站万达广场店),35.6,29.5,34.7,47.4,38.9,40.5,41.0,34.7,34.9,39.1,23.0,30.3,38.1,31.8,34.4,23.2,33.6,30.6,36.4,25.3,38.0,36.5,28.6,22.0,30.0,33.1,49.6,27.9,29.9,33.4,38.8,23.3,24.4,35.4,27.1,45.7,48.7,37.2,42.4,20.1,20.2,9.9,18.0,31.9,32.9,60.0,22.8,60.2,6.7,8.0,25.4,26.8,6.2,6.5,26.2,30.0,0.0,35.7,26.2,38.8,19.2,39.3,26.8,8.0,22.4,27.2,41.1,21.2,156.7,197.9,156.9,143.3,147.1,151.0,30.9,151.8,153.8,150.9,155.8,156.4,36.1,155.8,156.2,155.8,155.7,199.6,202.0,45.5,21.8,156.4,28.4,34.9,19.1,14.2,24.9,24.7,26.3,27.3,24.7,31.0,21.2,20.9,25.1,34.5,21.3,28.3,25.8,32.2,26.1,12.9,16.6,8.8,15.4,32.8,19.9,24.8,26.1,20.9,24.0,21.8,32.9,27.4,24.8,20.7,26.4,32.6,41.8,29.1,28.0,31.9,24.6,10.7,38.9,46.5,41.8
毛毛镇音乐主题乐园,62.4,49.5,59.3,73.9,64.7,66.2,61.5,54.5,54.5,63.7,43.5,55.7,54.5,53.1,60.1,43.8,51.9,57.9,57.2,52.1,64.0,58.1,50.1,41.9,56.4,54.5,65.1,53.4,51.0,55.3,64.0,41.4,50.2,57.8,48.5,67.2,21.1,58.0,44.6,47.4,45.3,39.6,47.2,53.7,48.3,54.3,49.8,54.6,38.4,40.1,43.7,47.0,35.3,39.7,51.4,51.4,35.7,0.0,65.0,47.0,41.7,59.2,64.5,40.4,39.3,46.8,14.8,45.5,151.4,190.6,151.9,139.3,142.5,146.2,52.5,147.3,149.1,146.2,150.5,151.1,55.4,150.6,151.0,150.4,150.9,191.5,193.8,57.9,53.1,151.8,48.1,62.0,44.4,43.4,42.9,56.3,45.5,59.4,48.3,60.7,59.9,58.6,48.6,71.5,58.4,56.6,59.5,68.9,57.5,29.1,45.5,37.1,51.5,61.9,51.5,56.4,55.6,53.2,61.3,59.5,51.5,40.5,42.2,47.8,58.6,64.5,66.2,48.4,47.5,56.0,58.0,40.9,56.5,64.4,56.8
哈尔滨民俗博物馆民宿(松花江店),18.8,32.5,12.2,30.8,21.3,23.1,34.0,17.9,16.9,17.7,18.7,15.3,28.1,18.1,22.5,18.9,13.0,22.4,29.0,16.7,22.3,30.1,22.1,21.8,14.6,22.8,50.2,16.9,23.7,11.4,19.3,15.1,14.5,23.6,20.3,26.8,58.7,29.9,49.2,12.7,15.2,28.6,22.6,24.8,34.5,40.9,18.1,41.5,27.1,25.4,13.4,23.4,25.8,27.1,12.7,22.1,26.2,65.0,0.0,32.7,20.1,39.9,7.1,21.0,19.2,29.9,49.6,9.4,154.4,203.4,154.6,142.2,145.1,148.9,36.5,149.8,151.7,148.8,153.5,154.1,25.4,153.5,154.0,153.6,153.9,204.4,206.1,31.2,13.4,154.1,30.7,18.3,7.8,18.9,17.1,15.0,17.1,17.2,7.8,20.0,11.6,9.0,9.1,13.9,8.3,15.0,17.9,11.2,15.2,27.4,16.7,22.9,17.1,17.8,10.7,15.3,15.3,11.6,6.9,11.6,38.3,20.5,17.0,11.5,16.7,22.1,27.7,21.5,30.8,18.1,12.7,20.4,31.9,37.1,47.6
快乐专+(哈尔滨店),44.1,57.0,39.7,55.0,45.8,47.2,41.5,41.1,40.5,38.7,41.7,34.5,42.5,37.5,38.7,41.2,36.0,35.0,39.7,29.0,41.2,23.7,26.0,41.8,33.5,32.4,37.4,30.8,33.4,35.5,42.5,37.8,31.1,39.4,26.1,48.6,40.8,29.4,24.0,28.9,38.4,43.7,32.1,25.9,9.7,58.1,29.8,64.5,42.9,42.0,36.8,20.9,37.8,43.1,32.3,23.0,38.8,47.0,32.7,0.0,38.3,64.0,34.2,40.0,37.9,44.6,41.4,35.5,147.1,191.3,147.6,134.9,137.7,141.6,49.7,142.3,144.4,141.5,146.2,146.9,40.2,146.4,146.7,146.2,146.5,192.2,194.6,35.1,23.2,146.7,45.8,33.0,30.8,34.6,19.1,25.7,19.1,32.0,31.6,33.2,29.9,30.2,35.5,45.0,30.4,33.6,30.8,42.2,25.6,26.8,32.8,31.4,31.1,31.9,23.6,26.1,27.5,25.7,32.7,29.7,51.2,19.1,20.1,34.1,30.2,36.0,48.4,42.0,45.3,39.1,26.5,39.0,27.6,58.3,60.6
遇见汤泉,23.4,26.3,24.1,34.6,26.5,28.1,37.9,21.4,20.7,32.8,16.2,25.3,38.6,23.5,34.5,15.9,18.1,33.3,39.3,25.5,31.6,31.9,29.7,10.7,24.1,36.0,54.0,28.1,31.4,25.2,29.4,10.3,24.3,35.0,28.9,29.7,41.2,39.7,51.8,21.4,7.7,19.8,21.7,33.4,37.5,45.0,23.4,45.7,18.5,15.7,12.0,28.9,17.6,20.1,22.6,31.7,19.2,41.7,20.1,38.3,0.0,32.0,24.1,14.6,4.6,20.3,42.3,18.6,157.5,201.6,158.3,145.5,148.7,152.2,26.7,153.2,154.9,152.6,156.9,157.2,28.4,157.0,157.4,156.7,157.3,201.6,204.5,30.6,26.9,157.7,21.2,33.2,17.1,18.4,28.3,31.5,29.9,33.4,18.0,36.0,27.2,21.6,21.0,28.0,19.5,27.2,27.3,28.2,32.8,28.9,18.3,24.9,27.9,31.9,26.7,31.8,36.1,25.9,21.5,26.1,28.7,30.0,28.4,14.4,34.8,34.4,34.6,22.1,20.9,25.2,25.0,10.8,40.8,36.8,37.5
哈尔滨枫叶小镇温泉度假酒店,34.6,15.0,42.9,41.3,31.6,33.7,35.4,41.9,42.1,51.6,34.9,50.3,76.1,41.3,52.7,34.6,39.2,54.8,52.5,49.4,49.9,55.6,51.9,32.5,49.5,59.8,51.4,53.2,52.6,42.8,49.0,32.5,49.0,69.7,52.0,35.9,59.6,52.8,68.5,41.0,39.0,44.9,48.5,55.1,62.2,31.9,44.8,31.5,42.3,43.7,34.8,50.0,38.8,43.2,45.7,53.2,39.3,59.2,39.9,64.0,32.0,0.0,37.8,37.6,32.7,15.1,51.7,42.6,165.7,206.7,165.5,153.5,156.6,159.5,37.3,161.3,162.2,159.7,164.1,164.7,27.3,164.4,164.6,164.1,164.4,207.2,209.6,30.0,48.2,165.2,15.4,50.0,40.7,45.9,49.0,55.4,50.2,50.4,38.3,46.2,50.7,47.8,41.7,41.8,44.8,52.0,55.0,44.0,54.2,43.4,43.4,46.5,48.6,48.9,46.1,55.2,51.1,51.8,44.8,53.4,39.0,51.4,49.0,38.5,44.4,48.6,49.0,25.2,13.0,31.8,49.9,33.6,55.8,23.3,48.1
滨果汤泉空间,20.4,30.8,9.9,29.0,19.8,21.4,31.8,12.6,12.5,15.9,19.3,14.6,30.9,14.8,21.3,18.1,9.8,17.2,27.2,16.9,20.0,30.1,22.1,20.8,13.4,23.3,49.9,17.1,24.1,12.2,17.6,16.6,15.6,31.8,20.6,24.6,58.6,30.9,47.6,13.5,16.7,29.3,21.0,25.5,33.1,39.2,18.7,39.3,27.8,26.2,15.3,24.2,26.7,27.8,13.0,22.6,26.8,64.5,7.1,34.2,24.1,37.8,0.0,25.0,23.1,26.9,52.5,12.6,159.6,205.6,160.1,147.8,150.1,154.1,40.4,154.7,156.6,154.1,158.9,159.5,22.5,158.9,159.3,158.9,159.1,206.7,208.7,28.0,16.6,159.1,27.9,22.2,10.9,19.9,19.8,18.1,19.5,19.7,9.9,26.7,13.8,11.8,12.0,9.4,9.1,16.3,24.6,8.9,17.8,30.5,17.8,26.4,20.3,20.4,13.7,18.5,18.5,14.6,8.2,15.7,42.0,24.2,20.0,15.2,19.2,23.9,24.1,18.4,27.8,15.1,13.6,24.0,34.8,33.4,51.5
悦溪棠温泉洗浴,27.6,32.2,29.3,38.9,30.2,32.0,42.0,25.2,24.9,33.8,20.3,23.8,31.8,23.7,28.1,20.5,24.5,24.4,32.3,18.9,31.4,40.1,32.3,20.2,23.2,28.6,54.5,20.9,33.2,26.5,31.8,17.0,18.8,27.6,30.7,38.2,56.1,41.2,48.7,15.3,14.5,9.4,13.8,35.5,39.3,52.1,18.5,52.0,6.5,1.8,18.4,28.8,7.4,9.2,20.8,25.9,8.0,40.4,21.0,40.0,14.6,37.6,25.0,0.0,16.6,31.0,51.5,18.1,159.6,201.4,160.1,147.1,150.3,154.2,33.2,154.8,156.7,154.1,158.8,159.5,35.8,159.0,159.4,158.8,159.2,202.3,204.7,41.4,22.7,159.4,32.0,28.1,14.8,10.9,24.7,25.2,25.8,25.4,20.7,31.2,17.5,17.9,21.1,28.2,18.4,25.2,22.9,29.3,23.1,18.5,11.5,14.7,18.4,26.4,23.9,25.1,28.2,21.5,19.8,17.5,34.8,26.0,24.7,17.5,26.6,29.9,37.9,31.4,31.7,28.1,20.4,12.2,36.5,48.2,44.1
禧沐汤泉,27.1,23.7,27.0,38.5,30.6,32.3,35.3,25.1,24.3,32.3,20.6,24.3,37.7,22.4,34.1,20.1,20.7,33.1,38.4,24.7,39.9,31.0,28.8,13.7,23.2,35.4,50.8,27.0,30.6,24.2,36.2,12.6,23.9,34.3,28.3,33.2,38.6,38.9,51.3,17.6,11.1,21.7,24.4,32.4,36.8,51.0,22.6,49.9,21.7,18.2,15.9,27.9,20.9,21.7,21.7,30.6,22.4,39.3,19.2,37.9,4.6,32.7,23.1,16.6,0.0,20.3,41.4,16.2,154.3,197.7,154.9,142.9,145.5,149.2,23.7,150.1,151.8,149.2,153.6,154.1,28.6,153.6,154.0,153.6,153.8,198.6,201.0,38.3,25.0,154.5,21.3,31.4,15.3,17.9,26.2,27.6,28.2,33.0,18.9,37.2,25.2,20.2,19.0,25.9,18.2,25.2,28.2,28.6,26.9,29.8,15.9,26.0,22.6,29.8,22.6,27.2,33.7,23.9,19.6,25.0,25.6,28.4,26.2,16.6,28.8,36.8,34.1,21.7,20.9,25.4,22.9,11.6,38.5,36.6,34.5
银河欢乐世界温泉洗浴,25.2,7.0,33.4,32.6,23.0,24.9,26.8,32.2,32.4,40.5,23.0,40.2,66.4,32.9,42.2,23.0,29.7,44.1,44.0,39.5,40.4,43.7,41.1,19.6,39.4,50.5,43.2,42.7,41.5,33.0,38.9,20.3,38.6,59.6,41.2,26.7,46.8,42.1,55.5,31.1,26.0,31.6,38.2,45.0,45.1,35.5,35.6,35.6,30.0,31.1,22.9,40.8,26.7,31.5,35.9,43.4,27.2,46.8,29.9,44.6,20.3,15.1,26.9,31.0,20.3,0.0,44.1,34.8,157.6,199.2,158.1,146.4,148.6,152.5,29.9,153.2,155.2,152.4,156.7,157.4,22.6,156.6,157.3,156.7,157.1,200.1,202.5,26.9,37.4,157.8,4.1,50.3,31.4,36.4,39.5,47.1,40.7,48.6,30.1,43.3,41.6,39.8,32.6,34.6,37.2,43.8,47.5,34.7,44.9,30.3,34.0,33.4,38.9,48.2,36.9,46.6,48.0,42.2,35.7,45.1,32.0,41.4,39.7,29.4,41.0,45.1,39.5,16.2,2.5,23.6,42.0,27.6,47.8,28.4,40.8
浴玺湾温泉水汇,60.3,53.8,58.0,71.5,63.2,65.3,64.8,57.4,56.5,62.4,46.1,54.8,53.9,54.2,58.8,46.3,52.8,56.8,56.2,50.9,63.2,47.2,47.5,44.5,55.1,53.3,60.9,53.0,50.8,55.1,64.1,45.1,50.1,57.5,48.2,64.9,12.3,53.2,44.4,45.0,56.2,51.8,47.2,48.4,40.4,63.9,48.9,63.6,51.6,50.7,50.0,44.1,41.9,52.4,52.3,48.5,41.1,14.8,49.6,41.4,42.3,51.7,52.5,51.5,41.4,44.1,0.0,59.3,154.5,183.6,155.1,143.6,145.6,149.4,54.6,150.2,151.9,149.4,153.8,154.3,60.0,153.7,154.2,153.8,154.0,184.5,186.9,56.6,40.7,154.6,52.6,62.0,49.1,42.3,39.6,55.8,41.2,59.4,50.2,60.4,59.3,58.0,64.8,71.2,57.6,66.5,55.4,68.8,57.3,34.0,44.8,35.7,50.9,62.3,50.6,56.1,55.8,52.8,60.0,59.1,53.5,36.1,39.6,53.0,57.7,64.2,65.3,53.3,52.0,57.5,50.8,44.8,51.7,69.5,64.8
云尚汤泉洗浴会馆,20.7,34.6,16.0,32.6,23.0,24.4,35.5,17.5,16.7,19.8,18.1,13.0,25.5,18.3,22.4,18.8,13.4,19.4,26.9,13.7,28.1,27.4,20.0,19.1,11.2,23.4,49.3,15.6,26.7,14.1,24.0,14.1,12.6,22.5,18.0,29.9,54.9,34.0,48.6,7.7,13.2,24.9,15.3,23.0,34.2,43.0,15.5,43.4,22.2,21.2,11.6,27.9,21.7,22.0,11.4,24.9,21.2,45.5,9.4,35.5,18.6,42.6,12.6,18.1,16.2,34.8,59.3,0.0,152.7,202.6,153.1,140.5,143.6,147.3,28.6,148.0,149.9,147.3,151.9,152.5,22.6,151.8,152.3,151.9,152.1,203.5,205.9,27.8,14.5,152.3,27.8,19.5,4.3,15.5,17.8,16.3,19.5,17.8,4.3,25.8,13.9,8.9,6.1,18.3,7.0,13.4,16.5,15.9,16.1,27.4,13.3,23.1,18.1,18.0,11.9,16.4,16.8,12.7,8.5,13.9,30.3,19.1,17.9,7.4,17.8,24.9,23.2,18.6,27.7,15.6,11.8,14.1,28.5,33.4,39.5
亚布力良栖青云民宿,165.0,163.6,164.4,176.5,164.8,165.6,168.6,161.8,162.2,167.8,162.0,159.5,160.7,160.4,164.1,161.6,157.9,163.1,166.2,154.3,170.6,155.6,154.3,160.0,159.2,161.3,166.6,158.1,157.2,161.6,168.0,161.4,159.3,164.3,154.5,171.6,151.8,154.0,145.9,152.7,161.4,163.3,152.1,153.3,149.9,174.7,153.8,176.1,160.1,162.7,160.8,149.4,156.4,162.9,161.1,152.2,156.7,151.4,154.4,147.1,157.5,165.7,159.6,159.6,154.3,157.6,154.5,152.7,0.0,205.4,1.8,31.7,12.7,10.3,168.7,11.0,12.9,9.8,1.1,0.8,173.8,3.0,2.9,1.1,1.0,206.2,208.8,171.5,155.0,14.2,166.9,163.4,159.2,158.6,153.2,157.4,154.8,160.8,160.4,160.7,162.2,161.3,164.1,167.9,161.7,164.4,166.8,168.8,159.6,155.3,155.6,160.3,159.8,163.6,153.8,158.6,158.4,155.4,163.2,161.8,170.7,151.2,153.0,160.4,160.3,164.0,168.2,170.2,163.6,167.2,162.9,166.3,162.9,184.0,179.2
花筑·栖禧民宿(雪谷风景区店),215.4,209.3,216.7,229.6,216.2,217.2,222.3,215.2,215.7,218.1,209.0,215.0,214.3,213.4,216.9,209.1,210.7,214.4,216.3,207.9,219.6,208.6,207.8,208.8,215.2,215.1,218.6,212.6,210.8,214.6,216.0,205.9,204.3,212.6,204.0,221.8,194.5,203.5,202.3,201.4,206.7,206.9,204.8,202.0,191.8,217.1,205.4,216.8,203.0,203.4,206.7,198.5,199.3,203.2,208.2,198.9,197.9,190.6,203.4,191.3,201.6,206.7,205.6,201.4,197.7,199.2,183.6,202.6,205.4,0.0,207.4,189.8,197.5,201.3,206.8,202.3,204.5,201.6,206.3,206.8,215.1,206.1,206.9,206.3,206.5,1.2,2.9,213.2,197.6,207.0,202.7,204.5,202.2,204.4,196.6,200.3,198.6,203.1,202.7,203.9,202.6,202.1,205.8,209.7,202.5,205.4,209.5,208.9,202.0,194.5,206.2,198.6,204.3,204.7,196.2,201.2,200.8,197.4,204.4,202.6,208.7,194.7,196.3,203.5,202.4,205.4,211.6,211.4,199.9,207.2,206.3,204.9,205.3,213.2,217.0
亚布力芳源李·1897民宿,165.7,163.9,164.9,176.6,165.3,166.1,168.9,162.3,162.6,168.5,162.4,159.9,161.1,160.7,164.5,162.3,158.3,163.4,166.9,154.4,171.3,155.9,154.6,160.2,159.6,161.6,167.1,158.5,157.5,162.1,168.5,162.0,159.6,164.7,154.9,171.9,152.0,154.1,146.3,153.1,161.3,163.8,152.6,153.7,150.2,175.2,154.3,176.8,160.3,163.2,161.2,149.7,156.8,163.4,161.4,152.8,156.9,151.9,154.6,147.6,158.3,165.5,160.1,160.1,154.9,158.1,155.1,153.1,1.8,207.4,0.0,31.7,12.8,10.2,168.7,10.9,12.8,9.9,1.3,1.3,172.9,2.5,2.0,1.3,1.1,206.7,209.2,170.7,154.7,13.5,166.4,162.9,158.1,158.0,153.2,156.8,154.8,160.2,159.4,160.5,161.8,160.8,163.0,165.9,161.0,163.5,166.6,167.4,159.1,154.8,155.1,159.8,159.2,163.1,153.2,158.2,158.1,155.1,162.7,161.8,170.7,150.8,152.9,159.2,160.0,163.7,166.7,169.2,163.7,166.3,162.8,166.2,163.2,183.5,179.2
亚布力壹号别院民宿,151.8,150.8,151.8,164.3,151.3,151.7,156.5,149.3,149.7,154.5,149.0,146.7,148.0,147.5,150.7,148.4,144.5,149.4,152.4,139.9,156.4,142.5,141.3,146.7,145.6,148.3,152.9,144.2,143.2,147.7,153.1,147.7,145.0,150.4,140.8,158.5,138.2,139.7,132.1,138.6,146.1,148.7,137.8,139.5,135.9,160.3,140.0,162.0,145.9,149.1,147.1,135.8,143.1,149.8,147.8,138.9,143.3,139.3,142.2,134.9,145.5,153.5,147.8,147.1,142.9,146.4,143.6,140.5,31.7,189.8,31.7,0.0,21.0,24.7,159.2,25.2,27.3,24.3,28.4,29.0,164.4,28.5,29.1,28.4,28.6,189.1,191.6,163.5,147.1,29.6,158.2,153.9,149.3,149.8,145.2,148.6,146.9,151.2,150.4,150.7,153.2,152.1,154.6,157.7,152.5,154.6,159.1,158.9,149.8,147.1,146.3,152.4,150.7,154.1,144.7,149.5,148.2,146.5,154.3,153.2,161.7,142.7,144.9,151.0,150.5,154.7,158.4,160.4,155.4,158.0,154.4,158.1,154.9,174.7,170.1
寒酥庄园酒店(亚布力滑雪旅游度假区),155.0,154.3,154.5,166.7,154.3,155.3,159.3,152.0,152.4,157.7,152.4,149.8,151.2,151.3,154.1,152.3,148.2,153.2,156.3,144.0,160.4,145.8,144.5,150.2,148.7,151.4,156.3,147.6,147.2,151.3,157.3,151.3,149.3,155.1,144.8,161.9,142.1,144.2,136.4,142.9,151.2,153.5,144.4,143.5,140.3,164.8,144.0,166.9,150.3,152.8,151.1,139.9,147.0,153.2,151.5,143.0,147.1,142.5,145.1,137.7,148.7,156.6,150.1,150.3,145.5,148.6,145.6,143.6,12.7,197.5,12.8,21.0,0.0,6.8,166.0,7.7,9.6,6.9,10.4,11.0,170.0,10.6,11.1,10.4,10.7,204.1,206.6,167.8,151.9,12.1,164.0,159.7,154.9,156.2,150.2,153.8,152.1,157.0,156.2,157.5,158.5,157.2,159.8,163.3,158.1,160.5,164.0,164.7,155.8,151.9,153.0,156.9,156.6,159.7,150.2,155.1,155.1,152.0,159.8,158.5,167.8,147.7,149.8,156.6,156.5,160.4,164.3,166.2,160.7,163.2,160.1,163.2,160.4,180.8,176.4
亚布力梵山雪麓民宿,158.6,157.9,158.4,170.3,158.2,159.1,163.1,155.8,156.3,162.1,156.7,153.8,155.0,154.8,158.3,156.3,152.1,157.3,160.5,148.1,164.1,149.8,148.5,154.2,153.1,155.3,160.2,151.6,151.1,155.3,161.5,155.2,153.4,159.2,148.7,165.5,146.0,147.9,140.2,146.9,154.5,157.2,146.5,147.5,144.3,168.4,148.1,170.4,154.3,156.6,155.0,143.9,150.8,157.0,155.3,146.8,151.0,146.2,148.9,141.6,152.2,159.5,154.1,154.2,149.2,152.5,149.4,147.3,10.3,201.3,10.2,24.7,6.8,0.0,163.7,3.1,5.6,3.3,8.0,8.5,167.2,7.8,8.1,8.0,8.2,201.5,204.0,165.0,150.6,8.8,161.3,157.1,151.8,153.1,147.4,151.1,149.2,154.4,153.0,155.3,156.6,155.6,156.8,160.4,154.8,158.8,161.3,162.4,154.4,150.3,151.1,154.2,155.1,158.3,147.5,153.6,153.9,150.1,156.6,156.6,166.5,146.2,148.4,154.7,155.0,159.1,162.5,164.3,159.2,161.8,158.8,161.8,158.6,178.7,175.0
琪瑞酒店(哈尔滨太平国际机场店),57.3,35.5,43.9,67.7,59.0,61.0,50.3,51.9,52.2,50.2,41.2,40.8,55.4,49.9,50.9,40.4,49.0,51.1,54.9,41.2,58.2,47.3,45.2,30.1,39.8,52.5,49.8,43.9,47.3,41.2,54.6,30.6,40.4,51.2,45.3,62.6,55.1,55.7,60.3,33.9,31.9,38.2,42.2,49.6,50.2,50.0,39.8,49.4,38.4,35.9,33.6,44.7,37.5,38.0,38.6,47.2,30.9,52.5,36.5,49.7,26.7,37.3,40.4,33.2,23.7,29.9,54.6,28.6,168.7,206.8,168.7,159.2,166.0,163.7,0.0,158.6,160.6,158.0,162.0,162.6,44.7,162.0,162.5,162.0,162.4,206.0,208.4,47.2,40.5,163.3,31.3,47.5,30.0,32.9,41.5,43.1,43.4,48.8,33.1,53.5,40.5,35.7,33.9,41.5,32.8,40.8,44.0,43.9,43.1,43.4,31.2,47.0,38.2,45.8,38.2,43.1,49.6,39.5,34.9,41.5,9.3,43.7,41.2,31.8,45.0,52.2,49.5,37.9,28.9,41.4,39.4,27.1,55.8,43.4,11.9
亚布力青年雪鼎山庄,158.5,158.6,158.7,170.5,158.6,159.4,163.8,156.1,156.6,162.2,157.1,154.0,155.6,155.0,158.3,156.5,152.4,157.9,160.3,148.6,164.5,150.4,149.2,155.0,153.2,156.1,161.1,152.0,151.7,155.9,161.5,155.8,154.1,158.7,149.5,166.1,146.8,148.6,141.2,147.5,155.6,157.8,146.9,148.1,145.0,169.2,148.5,170.9,155.2,157.2,155.4,144.7,151.9,157.3,156.2,147.7,151.8,147.3,149.8,142.3,153.2,161.3,154.7,154.8,150.1,153.2,150.2,148.0,11.0,202.3,10.9,25.2,7.7,3.1,158.6,0.0,2.6,2.8,8.3,8.8,169.2,10.4,9.2,8.3,8.4,200.7,203.2,167.2,151.2,4.8,162.5,159.4,154.7,155.2,149.4,152.8,151.2,156.8,155.9,157.2,157.9,156.7,159.4,162.4,156.8,159.3,163.5,163.1,155.6,151.6,151.8,156.5,155.6,159.7,149.3,154.7,154.6,151.1,158.9,157.3,167.3,146.8,148.9,156.4,156.1,160.1,164.3,165.4,160.3,162.3,159.5,162.8,157.7,180.0,176.1
亚布力富丽山居民宿,160.6,160.6,160.9,173.1,160.5,161.4,165.4,158.2,158.7,163.4,159.2,156.2,157.6,157.1,160.4,158.6,154.4,159.9,162.2,150.8,166.7,152.5,151.2,157.1,155.4,158.2,162.9,154.2,153.7,157.8,163.6,157.8,155.5,161.7,151.5,168.2,148.8,150.5,143.1,149.7,157.5,159.8,148.9,150.2,147.1,171.1,150.7,172.8,157.2,159.2,157.6,146.6,153.7,159.4,158.2,149.7,153.8,149.1,151.7,144.4,154.9,162.2,156.6,156.7,151.8,155.2,151.9,149.9,12.9,204.5,12.8,27.3,9.6,5.6,160.6,2.6,0.0,4.8,10.4,10.8,169.9,10.5,11.0,10.4,10.4,202.7,205.2,167.5,151.7,7.5,163.2,160.0,155.2,155.9,150.0,153.8,151.7,157.7,156.3,157.9,158.4,157.2,159.9,163.1,157.7,160.1,163.9,164.7,156.3,152.0,152.7,156.8,156.7,160.4,150.1,155.3,155.2,151.8,159.6,158.1,167.9,147.5,149.6,157.1,157.0,160.8,164.8,166.0,160.8,163.2,160.0,163.2,158.3,180.3,176.7
亚布力·沁园春lce and Snow World·轻奢别墅(亚布力南站店),158.3,157.9,158.3,170.2,158.1,159.0,163.1,155.8,156.2,161.9,156.2,153.6,154.9,154.6,157.9,155.7,151.9,157.1,160.5,148.0,164.2,149.7,148.3,154.0,152.8,155.2,161.1,151.5,150.9,155.3,161.1,155.2,152.6,158.2,148.6,165.7,145.9,148.0,140.0,146.8,155.2,157.5,146.4,147.4,144.2,168.8,147.8,171.0,154.2,156.8,155.0,143.7,150.8,156.8,155.3,146.8,150.9,146.2,148.8,141.5,152.6,159.7,154.1,154.1,149.2,152.4,149.4,147.3,9.8,201.6,9.9,24.3,6.9,3.3,158.0,2.8,4.8,0.0,7.9,8.2,169.0,8.0,8.4,7.9,8.0,199.6,202.1,167.1,150.2,8.2,161.7,158.4,154.2,154.8,148.3,152.3,150.2,155.8,155.4,156.2,157.0,155.8,159.2,162.3,156.2,159.1,162.5,163.6,154.5,150.6,151.5,155.7,155.5,158.9,148.3,153.7,153.6,150.0,158.1,156.8,166.3,145.8,148.1,156.1,155.2,159.1,163.5,164.7,159.1,162.0,158.7,161.8,156.9,179.2,174.8
亚布力滑雪温泉森林别墅,164.3,162.7,163.7,175.5,163.8,164.3,167.9,160.9,161.3,167.6,161.1,158.8,159.8,159.8,163.1,161.1,157.0,162.3,166.1,153.3,169.8,154.9,153.5,159.1,158.4,160.5,165.8,157.3,156.4,160.8,167.1,160.7,158.4,164.3,153.7,170.9,150.9,153.1,145.0,151.8,160.6,162.8,151.5,152.5,149.1,173.7,153.0,175.7,159.1,161.8,159.9,148.4,155.5,162.2,160.2,151.5,155.8,150.5,153.5,146.2,156.9,164.1,158.9,158.8,153.6,156.7,153.8,151.9,1.1,206.3,1.3,28.4,10.4,8.0,162.0,8.3,10.4,7.9,0.0,0.7,172.7,1.4,1.1,0.0,0.1,204.5,207.3,171.3,154.1,11.6,166.2,162.1,158.1,158.1,152.5,156.4,154.0,159.8,159.4,159.6,161.0,159.6,162.9,165.8,160.2,162.8,166.1,168.1,158.2,154.6,155.0,159.2,159.6,162.3,152.2,157.5,156.9,154.0,162.7,160.6,169.9,149.8,151.9,160.1,158.9,162.9,166.7,168.4,163.1,165.9,162.1,165.5,161.7,182.7,178.5
野有故里设计师民宿,165.2,163.4,164.6,176.0,164.6,165.7,168.3,161.9,162.0,168.4,161.7,159.5,160.5,160.3,163.9,161.2,157.7,162.9,166.6,154.1,171.1,155.5,154.1,159.7,159.3,161.1,166.3,157.9,157.0,161.4,168.3,161.3,159.1,165.3,154.4,171.5,151.5,153.7,145.7,152.6,161.1,163.5,152.1,153.1,149.7,174.3,153.7,176.4,159.8,162.8,160.7,149.1,156.4,163.0,160.9,152.1,156.4,151.1,154.1,146.9,157.2,164.7,159.5,159.5,154.1,157.4,154.3,152.5,0.8,206.8,1.3,29.0,11.0,8.5,162.6,8.8,10.8,8.2,0.7,0.0,172.5,2.3,2.9,0.8,0.6,205.2,207.8,171.2,154.1,12.4,166.4,162.1,158.1,158.4,152.6,156.5,154.1,159.9,159.3,159.9,161.2,159.7,163.0,165.7,160.2,163.0,166.3,168.1,158.6,154.5,155.1,159.2,159.7,162.5,152.5,157.5,157.2,154.2,162.6,161.0,170.0,149.9,152.0,160.2,159.0,162.9,166.5,169.0,163.2,165.9,162.3,165.9,161.7,182.6,178.8
花筑·西柚度假民宿(哈尔滨冰雪大世界店),19.6,22.4,29.4,27.4,19.5,20.7,21.6,28.7,28.5,36.9,27.1,36.0,30.2,28.3,38.0,26.2,25.9,40.7,30.9,35.4,35.9,31.1,38.5,28.6,35.2,37.4,29.0,30.7,28.9,28.7,34.4,28.6,34.6,31.9,37.1,21.8,72.3,29.6,54.2,26.7,27.1,43.2,34.1,41.5,37.6,30.7,32.0,30.6,41.3,39.2,26.4,37.8,39.0,41.1,31.8,39.9,36.1,55.4,25.4,40.2,28.4,27.3,22.5,35.8,28.6,22.6,60.0,22.6,173.8,215.1,172.9,164.4,170.0,167.2,44.7,169.2,169.9,169.0,172.7,172.5,0.0,170.3,170.9,170.4,170.7,221.2,223.5,9.6,35.9,171.1,22.1,27.9,29.3,34.4,36.9,33.6,38.2,29.2,27.7,25.5,41.0,38.4,30.7,31.4,34.6,35.2,33.2,33.5,34.6,48.1,31.7,44.1,38.2,28.2,34.2,33.2,30.1,32.4,36.0,45.5,47.0,39.1,37.1,27.9,24.1,27.9,38.8,14.1,21.7,21.4,35.4,38.0,35.3,23.0,55.8
亚布力玖间度假别墅(滑雪旅游度假区店),164.4,162.9,164.0,175.4,163.9,164.5,167.9,161.1,161.4,168.0,161.5,159.0,159.9,159.7,163.3,161.1,157.2,162.3,166.2,153.6,169.9,154.9,153.6,159.1,158.6,160.5,165.8,157.4,156.4,160.8,167.7,160.7,158.4,164.4,153.7,170.8,150.9,153.1,145.1,152.0,160.6,162.8,151.6,152.5,149.1,173.6,153.1,175.7,159.2,162.2,160.1,148.4,155.8,162.4,160.3,151.6,155.8,150.6,153.5,146.4,157.0,164.4,158.9,159.0,153.6,156.6,153.7,151.8,3.0,206.1,2.5,28.5,10.6,7.8,162.0,10.4,10.5,8.0,1.4,2.3,170.3,0.0,2.7,1.6,1.8,204.6,206.9,172.1,154.0,10.9,166.0,161.7,157.2,157.9,152.3,157.3,154.1,159.5,158.4,159.5,161.1,159.4,162.2,165.2,160.4,162.8,165.9,167.3,158.1,154.4,154.3,159.1,158.9,161.8,152.3,157.2,157.1,154.1,162.6,160.6,170.1,149.9,152.6,159.4,158.4,162.3,166.0,168.8,163.3,165.2,162.1,166.0,163.0,181.7,178.9
亚布力友所居温泉民宿,164.8,163.2,163.9,175.9,164.3,164.4,168.3,161.5,161.9,167.4,161.8,159.2,160.4,160.1,163.5,161.2,157.6,162.7,166.0,154.0,170.3,155.3,153.9,159.6,158.7,161.0,167.3,157.7,156.8,161.3,167.7,161.2,158.9,165.0,154.2,171.2,151.3,153.2,145.6,152.3,161.0,162.9,151.8,152.9,149.6,173.9,153.5,175.8,159.6,162.4,160.3,148.9,156.2,162.6,160.7,152.0,156.2,151.0,154.0,146.7,157.4,164.6,159.3,159.4,154.0,157.3,154.2,152.3,2.9,206.9,2.0,29.1,11.1,8.1,162.5,9.2,11.0,8.4,1.1,2.9,170.9,2.7,0.0,0.9,0.9,204.9,207.7,172.3,154.4,12.9,166.0,162.4,158.2,158.2,153.4,157.7,154.4,159.6,159.4,159.9,161.2,160.1,162.5,165.6,160.8,163.1,166.3,167.5,158.5,154.7,154.8,159.7,159.4,162.1,152.9,157.6,157.6,154.6,163.1,160.8,170.7,150.3,153.2,159.8,159.0,162.9,167.3,169.1,163.6,165.8,162.4,166.2,163.2,182.7,179.2
墅云居·Travel休闲度假民宿(亚布力滑雪旅游度假区店),164.3,162.7,163.7,175.5,163.8,164.3,167.9,160.9,161.3,167.7,161.1,158.8,159.8,159.8,163.1,160.7,157.0,162.3,166.1,153.3,169.8,154.9,153.5,159.1,158.4,160.5,165.9,157.2,156.4,160.7,167.1,160.7,158.0,164.3,153.7,170.9,150.9,153.1,145.1,151.8,160.5,162.8,151.4,152.5,149.1,173.7,153.0,175.7,159.1,161.8,159.9,148.4,155.5,162.2,160.2,151.5,155.8,150.4,153.6,146.2,156.7,164.1,158.9,158.8,153.6,156.7,153.8,151.9,1.1,206.3,1.3,28.4,10.4,8.0,162.0,8.3,10.4,7.9,0.0,0.8,170.4,1.6,0.9,0.0,0.2,204.4,206.9,171.7,153.8,11.7,165.8,161.7,157.4,157.8,153.2,157.2,154.1,159.1,158.6,159.3,161.1,159.6,162.1,165.3,160.4,162.7,165.9,167.4,157.8,154.5,154.3,159.2,159.1,161.6,152.5,157.1,157.0,154.2,162.8,160.7,170.1,149.9,152.6,159.4,158.5,162.4,166.2,168.2,163.3,165.3,162.0,165.6,163.1,181.9,178.9
亚布力青云小镇清雅轩民宿,164.5,163.1,164.1,175.7,164.1,165.3,168.1,161.1,161.6,168.0,161.6,159.0,160.1,159.9,163.4,160.9,157.3,162.5,166.3,153.6,170.0,155.1,153.8,159.4,158.9,160.7,166.0,157.5,156.7,160.9,167.8,160.9,158.7,163.8,153.9,171.2,151.0,153.3,145.3,152.1,160.7,163.0,151.7,152.7,149.3,173.9,153.2,175.9,159.4,162.1,160.2,148.6,155.8,162.5,160.4,151.7,155.7,150.9,153.9,146.5,157.3,164.4,159.1,159.2,153.8,157.1,154.0,152.1,1.0,206.5,1.1,28.6,10.7,8.2,162.4,8.4,10.4,8.0,0.1,0.6,170.7,1.8,0.9,0.2,0.0,204.6,207.1,171.7,153.7,11.9,165.8,161.6,157.3,157.2,152.8,157.0,153.7,158.9,158.5,159.3,161.0,159.5,162.2,165.2,160.0,163.0,166.2,167.6,157.9,154.6,154.3,159.4,158.7,161.8,152.7,157.5,157.3,154.4,163.0,160.9,170.3,150.1,152.7,159.5,158.7,162.7,166.5,168.4,163.5,165.5,162.2,165.8,163.4,182.1,179.1
雪谷李姐温泉酒店,216.3,210.1,217.5,230.4,217.2,218.1,223.1,216.2,216.6,218.9,210.3,215.8,215.3,214.2,217.7,210.4,211.6,215.2,216.1,208.7,220.6,209.4,208.6,209.6,216.0,216.3,219.4,213.4,211.9,215.5,216.9,206.8,205.2,213.5,204.8,222.8,195.4,204.4,202.4,202.3,207.4,207.7,205.1,202.8,192.7,218.8,206.3,217.7,203.9,204.3,207.6,199.4,199.1,204.1,209.1,199.8,199.6,191.5,204.4,192.2,201.6,207.2,206.7,202.3,198.6,200.1,184.5,203.5,206.2,1.2,206.7,189.1,204.1,201.5,206.0,200.7,202.7,199.6,204.5,205.2,221.2,204.6,204.9,204.4,204.6,0.0,3.3,213.2,197.5,207.7,202.5,204.5,202.2,205.1,196.9,200.8,198.9,202.9,202.5,203.7,202.7,201.8,205.3,208.9,202.4,205.2,209.6,208.7,201.9,195.2,206.6,199.2,204.6,205.3,196.2,201.1,200.6,197.4,205.0,202.8,209.1,195.1,196.8,203.3,202.6,205.6,212.4,211.1,200.5,207.4,206.6,206.0,206.4,213.4,217.9
嘉毅客栈(中国雪谷风景区店),218.6,212.6,219.9,232.9,219.4,220.5,225.6,218.6,219.0,221.7,212.8,218.2,217.6,216.7,220.1,212.8,214.0,217.6,218.4,211.1,222.9,211.9,211.1,211.7,218.4,218.7,221.7,215.8,214.2,217.9,219.3,209.2,208.5,215.8,207.3,225.2,197.8,206.8,204.7,204.8,209.8,210.1,207.4,205.2,195.1,221.2,208.7,220.1,206.2,206.6,210.0,201.8,201.5,206.4,211.4,202.2,202.0,193.8,206.1,194.6,204.5,209.6,208.7,204.7,201.0,202.5,186.9,205.9,208.8,2.9,209.2,191.6,206.6,204.0,208.4,203.2,205.2,202.1,207.3,207.8,223.5,206.9,207.7,206.9,207.1,3.3,0.0,215.2,199.5,209.7,204.6,206.5,204.0,207.1,198.9,202.8,200.9,204.9,204.6,205.7,204.6,203.8,207.3,210.9,204.4,207.2,211.6,210.6,203.9,197.2,208.6,201.3,206.6,207.2,198.2,203.1,202.4,199.4,206.9,204.8,211.1,197.1,198.8,205.3,204.6,207.5,214.3,212.9,202.6,209.4,208.6,208.0,207.8,215.3,219.8
佰源民宿酒店(东北虎林园店),24.7,25.5,33.9,32.1,23.5,25.5,17.9,32.6,32.6,34.6,31.5,30.4,22.8,32.8,31.5,31.8,30.2,32.3,23.4,30.1,36.5,25.2,31.1,30.8,30.9,30.2,21.2,24.3,22.5,33.0,34.5,33.0,31.0,24.8,30.1,26.1,55.6,23.1,49.5,30.8,31.2,48.6,39.8,35.1,33.2,32.3,37.1,32.6,46.8,45.4,31.0,31.4,45.7,47.0,31.5,33.1,45.5,57.9,31.2,35.1,30.6,30.0,28.0,41.4,38.3,26.9,56.6,27.8,171.5,213.2,170.7,163.5,167.8,165.0,47.2,167.2,167.5,167.1,171.3,171.2,9.6,172.1,172.3,171.7,171.7,213.2,215.2,0.0,31.6,162.4,25.9,22.3,33.9,38.5,39.7,26.4,31.0,23.1,32.4,18.9,32.5,31.3,36.7,48.1,39.2,28.5,26.2,46.4,27.4,42.4,35.8,38.7,33.1,21.3,27.4,26.5,23.2,25.1,37.2,31.9,49.0,31.3,35.3,31.9,18.0,20.9,42.2,17.6,26.2,25.5,28.9,40.6,27.5,28.3,58.4
春上汤泉,28.8,42.4,23.0,40.5,30.9,32.0,43.1,25.6,24.8,26.5,26.5,19.5,27.4,22.6,23.6,25.1,21.0,19.9,26.6,14.6,27.1,16.7,12.5,27.1,19.0,18.6,35.8,16.7,17.4,20.9,27.5,23.0,15.4,23.7,11.3,33.5,46.9,21.1,37.5,13.3,22.9,28.1,16.9,11.9,20.9,49.6,9.7,49.9,27.8,27.1,21.9,8.8,25.5,27.9,18.1,11.2,21.8,53.1,13.4,23.2,26.9,48.2,16.6,22.7,25.0,37.4,40.7,14.5,155.0,197.6,154.7,147.1,151.9,150.6,40.5,151.2,151.7,150.2,154.1,154.1,35.9,154.0,154.4,153.8,153.7,197.5,199.5,31.6,0.0,148.0,38.4,18.5,14.2,19.0,8.4,11.7,8.0,14.8,18.4,18.9,15.3,13.3,19.0,29.6,13.7,19.7,16.8,27.2,11.9,21.9,17.1,21.1,19.6,17.8,7.2,11.3,12.6,8.0,15.6,15.2,42.4,15.1,8.4,21.1,17.8,19.4,34.6,28.8,37.7,25.3,12.4,24.8,21.1,44.7,51.7
亚布力滑雪旅游度假区,163.2,163.8,163.1,175.3,162.7,163.3,168.3,160.4,160.7,165.2,161.6,157.9,159.8,159.0,162.3,161.5,156.4,162.5,163.9,152.8,168.4,154.8,153.6,159.5,157.5,160.7,165.5,156.2,156.2,160.4,165.6,160.3,158.1,164.1,153.9,170.1,151.4,152.2,146.1,152.1,159.2,161.7,151.2,152.8,149.6,173.4,153.2,175.1,159.9,161.7,160.0,149.3,156.6,161.7,160.8,152.4,156.4,151.8,154.1,146.7,157.7,165.2,159.1,159.4,154.5,157.8,154.6,152.3,14.2,207.0,13.5,29.6,12.1,8.8,163.3,4.8,7.5,8.2,11.6,12.4,171.1,10.9,12.9,11.7,11.9,207.7,209.7,162.4,148.0,0.0,163.2,160.1,155.3,155.7,151.3,155.6,152.7,157.4,156.3,158.2,158.3,157.4,160.3,163.4,157.3,160.1,164.5,164.9,156.4,152.9,152.1,157.9,157.7,160.1,150.7,155.7,156.0,152.0,159.7,157.8,168.8,148.7,150.8,156.8,157.1,160.8,164.4,166.2,161.6,163.5,160.8,164.4,159.9,179.8,177.5
哈尔滨热雪奇迹,26.4,7.6,34.6,33.7,23.9,25.8,28.1,33.1,33.1,42.0,23.6,41.1,67.8,33.8,43.2,23.5,30.8,45.1,46.2,40.6,41.5,45.8,42.3,20.6,40.4,51.6,44.5,43.6,43.1,34.0,39.9,21.1,39.8,60.9,42.3,27.9,48.1,44.1,56.9,32.2,27.1,32.7,39.4,46.2,46.4,34.0,36.8,35.0,31.2,32.4,24.1,42.0,28.5,32.5,37.1,44.6,28.4,48.1,30.7,45.8,21.2,15.4,27.9,32.0,21.3,4.1,52.6,27.8,166.9,202.7,166.4,158.2,164.0,161.3,31.3,162.5,163.2,161.7,166.2,166.4,22.1,166.0,166.0,165.8,165.8,202.5,204.6,25.9,38.4,163.2,0.0,52.2,33.1,38.3,40.9,48.7,42.4,49.3,31.2,44.5,43.9,41.3,35.1,35.6,37.9,45.4,48.5,37.5,48.5,33.8,35.4,36.0,40.8,50.1,38.0,48.9,50.2,44.8,37.7,46.9,36.4,43.4,40.7,30.9,42.6,46.4,42.0,18.4,4.7,24.5,43.7,30.5,49.6,28.5,45.5
老街滋味坊(直营旗舰店),35.8,48.1,21.4,47.4,38.4,40.4,32.8,29.4,30.4,19.8,33.4,16.2,12.4,25.0,18.5,32.4,23.2,14.1,8.5,10.2,20.8,16.2,14.6,34.7,15.2,13.8,33.5,7.5,8.0,20.4,21.0,32.9,11.3,11.5,13.7,44.0,56.2,13.3,45.8,17.6,29.1,29.8,24.1,18.7,32.0,46.8,17.3,46.6,31.6,30.1,30.4,18.6,32.2,33.8,15.1,16.9,34.9,62.0,18.3,33.0,33.2,50.0,22.2,28.1,31.4,50.3,62.0,19.5,163.4,204.5,162.9,153.9,159.7,157.1,47.5,159.4,160.0,158.4,162.1,162.1,27.9,161.7,162.4,161.7,161.6,204.5,206.5,22.3,18.5,160.1,52.2,0.0,20.0,19.0,20.9,11.8,16.6,6.4,21.4,8.5,15.1,16.6,22.1,29.7,16.8,14.5,11.8,27.1,12.6,26.8,23.2,22.9,18.3,9.4,12.7,11.8,8.5,10.3,22.8,14.9,48.1,20.5,19.5,25.8,9.1,9.3,40.8,35.1,42.2,31.0,15.3,30.7,19.1,48.0,57.4
老街滋味坊(民安小区店),20.1,33.1,18.6,31.3,22.3,24.8,35.6,19.9,19.1,18.7,20.3,15.3,21.5,20.9,20.2,20.7,15.6,15.6,21.8,13.6,21.6,23.8,21.6,19.4,14.5,19.6,44.7,14.3,22.3,13.6,22.3,16.3,12.4,18.9,21.0,28.0,55.5,28.8,44.5,2.7,12.6,19.9,12.4,25.1,29.7,42.5,7.6,42.3,18.8,17.0,13.4,20.8,17.9,21.9,7.9,20.7,19.1,44.4,7.8,30.8,17.1,40.7,10.9,14.8,15.3,31.4,49.1,4.3,159.2,202.2,158.1,149.3,154.9,151.8,30.0,154.7,155.2,154.2,158.1,158.1,29.3,157.2,158.2,157.4,157.3,202.2,204.0,33.9,14.2,155.3,33.1,20.0,0.0,14.7,15.0,13.4,14.6,17.3,7.2,20.1,9.9,5.0,7.8,16.1,6.6,13.1,13.1,17.1,13.5,23.7,12.2,21.6,15.3,14.8,8.8,13.6,18.7,9.7,8.4,10.8,34.2,20.1,15.0,10.9,14.7,19.1,27.0,22.1,30.7,18.2,9.1,18.0,28.9,36.5,43.1
偏脸子哈尔滨老烧烤(自兴街店),25.8,39.7,26.7,37.7,27.8,29.7,40.5,22.6,22.7,30.6,22.4,23.5,31.9,20.3,28.0,22.6,18.8,24.1,29.7,18.2,33.0,25.6,18.3,22.8,22.7,24.5,45.9,20.4,19.9,24.2,31.0,18.5,17.0,27.1,18.6,31.2,35.1,28.1,47.8,10.7,14.5,19.7,6.9,23.1,33.0,47.7,12.1,47.7,14.7,12.5,18.0,22.0,16.2,17.2,18.5,20.7,14.2,43.4,18.9,34.6,18.4,45.9,19.9,10.9,17.9,36.4,42.3,15.5,158.6,204.4,158.0,149.8,156.2,153.1,32.9,155.2,155.9,154.8,158.1,158.4,34.4,157.9,158.2,157.8,157.2,205.1,207.1,38.5,19.0,155.7,38.3,19.0,14.7,0.0,18.5,23.9,20.2,22.4,16.9,27.4,18.8,17.3,18.5,25.3,16.7,24.2,27.1,27.8,21.7,18.8,4.1,15.5,13.1,23.9,15.4,20.1,24.5,17.2,18.9,18.8,39.2,20.5,18.5,13.0,21.4,27.3,35.4,28.7,38.3,24.9,20.9,18.5,29.1,44.9,48.5
老街滋味坊(香坊大街店),29.4,42.8,26.4,41.0,31.9,33.5,44.2,26.1,26.4,25.5,27.6,21.1,28.6,24.0,25.3,26.4,22.3,21.7,24.1,16.8,28.6,19.1,12.4,28.7,21.2,19.9,38.5,18.6,19.3,21.9,28.9,24.0,18.5,25.9,9.7,34.5,36.9,21.5,35.1,16.9,24.4,29.7,18.6,10.5,18.3,50.4,13.0,50.6,28.9,28.1,23.1,8.9,28.9,29.2,19.2,10.5,24.9,42.9,17.1,19.1,28.3,49.0,19.8,24.7,26.2,39.5,39.6,17.8,153.2,196.6,153.2,145.2,150.2,147.4,41.5,149.4,150.0,148.3,152.5,152.6,36.9,152.3,153.4,153.2,152.8,196.9,198.9,39.7,8.4,151.3,40.9,20.9,15.0,18.5,0.0,14.9,8.4,17.6,20.1,21.4,18.8,17.4,22.8,32.6,17.4,22.6,19.3,30.1,15.0,22.0,20.2,22.9,17.0,20.6,9.8,15.3,15.6,14.7,18.2,18.8,44.5,8.1,2.6,23.1,21.1,21.5,36.6,31.5,40.8,27.9,15.6,27.5,20.7,45.8,54.0
隆栎老北京炭火锅(巴陵街),32.6,46.7,19.7,44.8,35.5,37.1,35.0,30.6,31.9,17.9,28.1,14.7,17.2,22.9,20.3,27.7,21.4,16.0,15.5,10.1,22.1,15.1,10.3,30.1,14.1,10.0,37.4,12.4,12.6,19.1,22.2,25.7,11.2,17.1,10.8,40.5,49.8,15.0,41.4,17.9,24.8,29.2,24.6,14.5,25.4,52.3,17.1,56.2,28.0,27.7,24.7,11.8,28.7,28.8,13.0,10.3,24.7,56.3,15.0,25.7,31.5,55.4,18.1,25.2,27.6,47.1,55.8,16.3,157.4,200.3,156.8,148.6,153.8,151.1,43.1,152.8,153.8,152.3,156.4,156.5,33.6,157.3,157.7,157.2,157.0,200.8,202.8,26.4,11.7,155.6,48.7,11.8,13.4,23.9,14.9,0.0,12.8,7.0,19.5,13.2,11.4,14.9,20.1,25.2,14.7,15.7,12.9,22.9,6.8,25.0,21.0,21.2,16.1,9.5,9.7,4.6,2.9,8.8,18.8,11.7,45.4,17.5,15.8,23.7,10.3,15.9,37.8,32.5,41.9,28.6,8.4,28.3,21.2,47.4,54.5
老松滨饭店(菜艺街店),30.7,43.9,25.9,42.7,32.8,34.8,35.3,28.4,27.8,24.9,29.1,20.5,20.3,25.7,24.9,27.9,23.9,21.5,20.0,16.2,28.3,18.7,9.1,29.9,20.5,18.9,33.1,17.9,15.1,22.0,28.9,25.6,17.9,24.8,7.2,36.4,38.4,20.0,37.5,18.4,26.3,31.6,19.6,7.4,17.5,51.8,17.3,51.3,30.4,30.0,25.0,6.7,30.3,30.9,18.7,7.5,26.3,45.5,17.1,19.1,29.9,50.2,19.5,25.8,28.2,40.7,41.2,19.5,154.8,198.6,154.8,146.9,152.1,149.2,43.4,151.2,151.7,150.2,154.0,154.1,38.2,154.1,154.4,154.1,153.7,198.9,200.9,31.0,8.0,152.7,42.4,16.6,14.6,20.2,8.4,12.8,0.0,17.1,24.6,20.7,17.1,19.1,25.0,31.0,18.9,21.1,18.5,28.6,13.3,23.9,22.5,24.4,20.4,19.1,11.2,13.6,14.6,12.9,24.5,17.1,46.6,9.0,9.4,25.3,17.4,23.0,38.9,33.6,43.0,30.0,13.9,29.6,19.1,48.9,56.0
老牌坊云南鱼豆花火锅(大成街店),35.1,48.9,22.6,46.9,37.2,39.0,30.9,32.1,32.5,20.7,33.9,16.2,13.0,25.8,21.4,34.4,25.3,17.4,10.3,9.4,23.7,14.5,14.2,36.4,17.0,10.0,33.3,7.7,8.0,19.2,24.2,34.0,10.2,14.9,11.6,43.0,53.3,14.7,44.1,16.5,30.8,32.2,23.4,15.9,30.4,47.9,16.4,47.8,31.0,30.7,31.8,15.1,31.8,31.9,13.6,13.3,27.3,59.4,17.2,32.0,33.4,50.4,19.7,25.4,33.0,48.6,59.4,17.8,160.8,203.1,160.2,151.2,157.0,154.4,48.8,156.8,157.7,155.8,159.8,159.9,29.2,159.5,159.6,159.1,158.9,202.9,204.9,23.1,14.8,157.4,49.3,6.4,17.3,22.4,17.6,7.0,17.1,0.0,23.9,9.7,11.7,17.9,24.6,27.7,18.5,16.2,13.6,25.3,12.9,29.7,21.7,31.8,20.1,4.4,16.6,11.9,8.4,15.3,21.0,11.8,54.9,23.3,21.8,28.1,9.9,10.0,42.6,37.7,47.0,34.1,11.5,32.1,21.8,52.1,64.9
偏脸子哈尔滨老烧烤(建国北六道街店),21.1,30.8,17.1,29.1,19.8,21.2,32.1,15.3,14.6,22.2,16.0,14.4,29.3,17.0,23.9,15.3,10.7,22.1,28.4,16.9,29.6,30.1,22.7,17.4,13.2,25.0,48.7,17.1,28.3,13.8,25.6,11.0,15.7,23.9,20.9,24.7,58.4,35.6,45.0,9.6,11.2,27.6,17.6,25.6,30.4,39.0,13.5,39.3,26.2,24.2,10.5,21.8,24.8,25.1,13.0,26.6,24.7,48.3,7.8,31.6,18.0,38.3,9.9,20.7,18.9,30.1,50.2,4.3,160.4,202.7,159.4,150.4,156.2,153.0,33.1,155.9,156.3,155.4,159.4,159.3,27.7,158.4,159.4,158.6,158.5,202.5,204.6,32.4,18.4,156.3,31.2,21.4,7.2,16.9,20.1,19.5,24.6,23.9,0.0,26.6,15.4,11.9,8.0,15.0,8.9,15.0,17.6,17.6,18.4,28.4,15.3,24.9,20.9,20.8,14.0,18.5,24.6,15.0,9.8,15.6,32.5,21.2,20.0,7.6,20.2,25.9,24.7,20.6,29.5,16.8,14.3,16.5,30.9,34.4,41.3
一头牛正宗齐齐哈尔烤肉(太古街店),41.1,45.4,24.5,53.2,44.2,44.7,27.8,27.4,28.4,15.6,40.0,15.5,8.1,28.0,16.4,37.7,25.7,16.0,11.9,14.9,23.0,20.2,17.7,44.6,15.2,16.2,29.8,9.9,11.8,23.4,21.2,38.4,15.3,9.4,16.8,50.9,54.8,16.3,47.4,22.1,31.9,35.2,28.7,21.6,33.3,43.5,21.9,44.0,34.3,34.0,39.8,19.3,34.5,34.9,16.5,18.0,31.0,60.7,20.0,33.2,36.0,46.2,26.7,31.2,37.2,43.3,60.4,25.8,160.7,203.9,160.5,150.7,157.5,155.3,53.5,157.2,157.9,156.2,159.6,159.9,25.5,159.5,159.9,159.3,159.3,203.7,205.7,18.9,18.9,158.2,44.5,8.5,20.1,27.4,21.4,13.2,20.7,9.7,26.6,0.0,17.0,27.9,27.8,36.5,16.6,13.8,11.7,31.2,12.9,27.1,22.9,23.3,18.1,8.9,12.8,12.0,8.8,10.7,22.3,16.9,47.7,20.6,20.4,31.5,2.2,4.3,55.5,33.0,39.9,47.7,14.8,35.2,22.0,45.5,56.8
哈尔滨万枫酒店(中央大街火车站店),28.0,40.6,14.8,40.8,31.0,32.9,42.6,29.3,29.8,12.2,25.2,8.3,20.2,22.1,23.0,24.8,15.2,12.6,16.9,3.9,26.2,22.3,15.9,28.2,7.5,12.5,43.4,9.6,16.8,13.6,23.2,26.1,5.9,27.4,15.2,36.4,54.8,21.9,44.7,9.5,22.1,20.9,18.3,18.9,29.6,52.0,10.8,51.1,19.1,18.3,23.1,16.2,21.8,20.8,11.6,14.2,21.2,59.9,11.6,29.9,27.2,50.7,13.8,17.5,25.2,41.6,59.3,13.9,162.2,202.6,161.8,153.2,158.5,156.6,40.5,157.9,158.4,157.0,161.0,161.2,41.0,161.1,161.2,161.1,161.0,202.7,204.6,32.5,15.3,158.3,43.9,15.1,9.9,18.8,18.8,11.4,17.1,11.7,15.4,17.0,0.0,3.7,14.3,17.3,7.6,12.1,14.0,15.8,11.8,29.5,16.1,25.9,18.6,9.8,11.5,10.9,13.4,10.3,7.3,9.1,39.4,18.7,17.5,17.4,15.2,14.6,32.0,26.9,36.1,23.0,3.2,20.8,30.2,41.6,48.4
焕彩时尚宾馆(哈尔滨站中央大街店),25.3,38.3,12.5,37.4,27.5,29.8,40.5,24.3,23.8,14.0,22.6,9.5,26.8,19.8,22.4,21.9,12.9,10.6,17.9,6.9,20.9,24.9,18.1,24.2,8.3,19.6,39.5,10.4,18.1,9.2,15.6,21.9,9.8,26.1,15.9,33.3,52.6,24.2,43.7,7.8,18.3,23.3,17.0,19.8,28.8,48.9,13.2,48.5,21.8,19.8,19.3,21.8,20.5,21.7,3.5,19.9,20.9,58.6,9.0,30.2,21.6,47.8,11.8,17.9,20.2,39.8,58.0,8.9,161.3,202.1,160.8,152.1,157.2,155.6,35.7,156.7,157.2,155.8,159.6,159.7,38.4,159.4,160.1,159.6,159.5,201.8,203.8,31.3,13.3,157.4,41.3,16.6,5.0,17.3,17.4,14.9,19.1,17.9,11.9,27.9,3.7,0.0,0.0,0.0,0.0,0.0,0.0,0.0,0.0,0.0,0.0,0.0,0.0,0.0,0.0,0.0,0.0,0.0,0.0,0.0,0.0,0.0,0.0,0.0,0.0,0.0,0.0,0.0,0.0,0.0,0.0,20.5,31.6,40.3,46.2
惟景假日酒店(哈尔滨中央大街店),20.0,33.6,17.9,31.9,22.5,24.3,34.8,19.2,18.9,22.5,20.1,14.6,27.6,21.6,24.1,19.9,15.3,22.6,28.7,17.6,30.0,30.8,22.9,19.4,13.6,23.9,51.8,17.2,24.6,14.5,26.1,16.5,15.4,24.3,21.2,27.8,59.5,31.9,49.0,9.7,15.8,26.4,18.5,25.9,34.4,42.2,20.5,42.3,25.6,24.6,14.0,24.5,24.9,25.4,14.1,23.1,25.1,48.6,9.1,35.5,21.0,41.7,12.0,21.1,19.0,32.6,64.8,6.1,164.1,205.8,163.0,154.6,159.8,156.8,33.9,159.4,159.9,159.2,162.9,163.0,30.7,162.2,162.5,162.1,162.2,205.3,207.3,36.7,19.0,160.3,35.1,22.1,7.8,18.5,22.8,20.1,25.0,24.6,8.0,27.8,14.3,0.0,0.0,0.0,0.0,0.0,0.0,0.0,0.0,0.0,0.0,0.0,0.0,0.0,0.0,0.0,0.0,0.0,0.0,0.0,0.0,0.0,0.0,0.0,0.0,0.0,0.0,0.0,0.0,0.0,0.0,17.6,38.6,36.0,42.8
哈尔滨中央大街友谊路亚朵酒店,20.5,33.9,11.1,32.0,22.8,24.5,35.2,10.9,9.7,17.4,19.0,16.9,40.6,7.9,21.3,20.2,4.5,18.9,29.0,23.2,19.5,37.4,28.6,23.4,15.1,26.6,64.2,18.7,29.9,11.0,15.1,19.9,22.9,34.5,26.6,27.9,66.6,36.1,53.8,20.1,19.7,36.4,27.7,33.6,44.2,44.6,26.9,44.3,35.4,33.6,20.2,30.8,33.7,34.9,28.1,29.1,34.5,71.5,13.9,45.0,28.0,41.8,9.4,28.2,25.9,34.6,71.2,18.3,167.9,209.7,165.9,157.7,163.3,160.4,41.5,162.4,163.1,162.3,165.8,165.7,31.4,165.2,165.6,165.3,165.2,208.9,210.9,48.1,29.6,163.4,35.6,29.7,16.1,25.3,32.6,25.2,31.0,27.7,15.0,36.5,17.3,0.0,0.0,0.0,0.0,0.0,0.0,0.0,0.0,0.0,0.0,0.0,0.0,0.0,0.0,0.0,0.0,0.0,0.0,0.0,0.0,0.0,0.0,0.0,0.0,0.0,0.0,0.0,0.0,0.0,0.0,18.9,29.3,30.6,56.5
茄子青旅(中央大街店),23.2,37.1,12.8,35.9,26.1,27.9,38.8,19.7,20.2,17.8,19.4,11.8,21.4,20.3,19.8,19.7,13.3,18.2,22.0,11.7,26.9,25.3,17.9,21.0,11.2,18.4,43.8,14.7,18.6,13.6,22.2,18.6,9.7,18.2,15.8,32.5,52.6,25.6,44.0,9.1,15.8,23.4,17.7,19.8,28.9,46.3,13.2,46.4,21.5,20.0,16.9,18.8,20.9,22.2,7.8,17.9,21.3,58.4,8.3,30.4,19.5,44.8,9.1,18.4,18.2,37.2,57.6,7.0,161.7,202.5,161.0,152.5,158.1,154.8,32.8,156.8,157.7,156.2,160.2,160.2,34.6,160.4,160.8,160.4,160.0,202.4,204.4,39.2,13.7,157.3,37.9,16.8,6.6,16.7,17.4,14.7,18.9,18.5,8.9,16.6,7.6,0.0,0.0,0.0,0.0,0.0,0.0,0.0,0.0,0.0,0.0,0.0,0.0,0.0,0.0,0.0,0.0,0.0,0.0,0.0,0.0,0.0,0.0,0.0,0.0,0.0,0.0,0.0,0.0,0.0,0.0,19.0,38.6,38.4,44.7
萤火虫青年旅舍(哈尔滨中央大街索菲亚教堂店),29.8,43.7,18.5,42.0,32.9,34.7,38.6,24.6,24.8,9.1,27.3,3.9,15.8,24.5,20.0,27.6,23.3,11.1,16.9,9.7,21.6,25.6,19.0,29.4,3.0,17.2,39.5,9.8,17.0,14.7,18.0,26.8,10.0,22.3,23.0,37.9,58.8,23.1,49.1,13.1,21.6,25.2,23.6,21.7,33.0,52.0,15.8,52.2,26.6,24.6,23.6,19.5,29.1,28.4,11.0,17.9,28.3,56.6,15.0,33.6,27.2,52.0,16.3,25.2,25.2,43.8,66.5,13.4,164.4,205.4,163.5,154.6,160.5,158.8,40.8,159.3,160.1,159.1,162.8,163.0,35.2,162.8,163.1,162.7,163.0,205.2,207.2,28.5,19.7,160.1,45.4,14.5,13.1,24.2,22.6,15.7,21.1,16.2,15.0,13.8,12.1,0.0,0.0,0.0,0.0,0.0,0.0,0.0,0.0,0.0,0.0,0.0,0.0,0.0,0.0,0.0,0.0,0.0,0.0,0.0,0.0,0.0,0.0,0.0,0.0,0.0,0.0,0.0,0.0,0.0,0.0,23.8,31.1,44.8,49.9
哈尔滨染冬青年旅舍(中央大街步行街索菲亚教堂店),34.9,47.7,17.7,46.0,36.5,37.5,34.7,22.4,22.0,11.7,30.2,9.1,16.7,20.6,11.5,30.4,18.0,8.1,13.7,12.4,15.3,22.1,16.9,32.3,8.5,17.2,35.1,9.0,13.9,18.2,14.6,29.5,12.8,13.3,19.6,40.6,61.6,19.6,52.0,14.5,24.7,29.7,26.6,24.6,31.0,48.7,18.7,55.2,27.4,25.5,26.5,17.6,25.4,26.7,8.1,16.0,25.8,59.5,17.9,30.8,27.3,55.0,24.6,22.9,28.2,47.5,55.4,16.5,166.8,209.5,166.6,159.1,164.0,161.3,44.0,163.5,163.9,162.5,166.1,166.3,33.2,165.9,166.3,165.9,166.2,209.6,211.6,26.2,16.8,164.5,48.5,11.8,13.1,27.1,19.3,12.9,18.5,13.6,17.6,11.7,14.0,0.0,0.0,0.0,0.0,0.0,0.0,0.0,0.0,0.0,0.0,0.0,0.0,0.0,0.0,0.0,0.0,0.0,0.0,0.0,0.0,0.0,0.0,0.0,0.0,0.0,0.0,0.0,0.0,0.0,0.0,22.8,32.8,43.7,50.6
稻香国际青年旅舍(哈尔滨中央大街店),22.2,35.5,1.5,35.2,25.5,27.1,37.5,14.4,15.9,14.9,19.7,13.6,28.0,12.8,18.4,19.6,7.2,14.0,26.5,20.6,17.9,34.9,26.3,24.9,12.9,23.9,62.4,16.0,27.0,8.6,13.2,21.6,20.7,34.0,28.6,30.2,61.7,33.1,53.7,18.3,20.8,34.4,28.1,30.2,41.1,44.1,23.8,44.8,33.3,31.3,20.5,27.7,32.0,33.0,15.8,25.8,32.2,68.9,11.2,42.2,28.2,44.0,8.9,29.3,28.6,34.7,68.8,15.9,168.8,208.9,167.4,158.9,164.7,162.4,43.9,163.1,164.7,163.6,168.1,168.1,33.5,167.3,167.5,167.4,167.6,208.7,210.6,46.4,27.2,164.9,37.5,27.1,17.1,27.8,30.1,22.9,28.6,25.3,17.6,31.2,15.8,0.0,0.0,0.0,0.0,0.0,0.0,0.0,0.0,0.0,0.0,0.0,0.0,0.0,0.0,0.0,0.0,0.0,0.0,0.0,0.0,0.0,0.0,0.0,0.0,0.0,0.0,0.0,0.0,0.0,0.0,27.4,41.0,43.7,54.1
豪滨假日酒店(哈尔滨火车站博物馆地铁站店),33.2,46.7,21.2,45.0,36.1,37.5,35.9,32.1,33.5,21.4,29.1,16.2,17.9,24.0,19.8,28.3,22.8,17.4,16.1,8.8,23.3,18.6,11.5,32.3,15.4,7.8,38.4,10.6,13.6,16.1,23.6,29.9,9.1,18.0,12.9,41.2,51.1,16.6,42.6,15.1,25.4,30.4,22.0,14.8,25.2,55.4,14.8,55.7,30.3,24.7,25.1,12.2,28.4,30.2,14.5,10.2,26.1,57.5,15.2,25.6,32.8,54.2,17.8,23.1,26.9,44.9,57.3,16.1,159.6,202.0,159.1,149.8,155.8,154.4,43.1,155.6,156.3,154.5,158.2,158.6,34.6,158.1,158.5,157.8,157.9,201.9,203.9,27.4,11.9,156.4,48.5,12.6,13.5,21.7,15.0,6.8,13.3,12.9,18.4,12.9,11.8,0.0,0.0,0.0,0.0,0.0,0.0,0.0,0.0,0.0,0.0,0.0,0.0,0.0,0.0,0.0,0.0,0.0,0.0,0.0,0.0,0.0,0.0,0.0,0.0,0.0,0.0,0.0,0.0,0.0,0.0,29.6,26.5,55.1,62.3
滨江快捷宾馆,37.1,34.2,37.4,48.4,38.8,40.9,52.0,34.4,34.0,41.1,27.5,34.9,33.1,31.8,39.1,26.9,30.3,35.6,36.0,29.5,44.4,28.9,27.8,25.1,33.9,32.4,44.1,31.6,29.2,33.3,41.9,33.2,27.9,36.1,26.5,43.4,25.8,36.9,37.4,21.8,26.6,21.2,18.8,29.1,27.2,58.9,23.1,58.9,18.2,17.6,29.5,23.9,16.9,20.3,29.5,29.6,12.9,29.1,27.4,26.8,28.9,43.4,30.5,18.5,29.8,30.3,34.0,27.4,155.3,194.5,154.8,147.1,151.9,150.3,43.4,151.6,152.0,150.6,154.6,154.5,48.1,154.4,154.7,154.5,154.6,195.2,197.2,42.4,21.9,152.9,33.8,26.8,23.7,18.8,22.0,25.0,23.9,29.7,28.4,27.1,29.5,0.0,0.0,0.0,0.0,0.0,0.0,0.0,0.0,0.0,0.0,0.0,0.0,0.0,0.0,0.0,0.0,0.0,0.0,0.0,0.0,0.0,0.0,0.0,0.0,0.0,0.0,0.0,0.0,0.0,0.0,19.5,32.2,44.1,40.1
VIP会所(哈尔滨凯德广场店),23.1,36.8,23.7,34.5,24.8,26.8,37.6,20.7,20.0,27.4,20.4,20.8,30.0,22.9,25.6,20.1,16.9,21.7,27.5,16.1,30.5,30.2,22.3,20.5,20.1,22.2,46.5,17.8,24.0,21.8,28.2,16.9,14.8,24.8,21.6,29.0,36.7,32.5,45.5,8.7,13.2,17.2,3.6,26.7,31.2,45.0,10.4,45.0,14.2,12.4,15.5,21.8,16.4,17.0,16.2,23.9,16.6,45.5,16.7,32.8,18.3,43.4,17.8,11.5,15.9,34.0,44.8,13.3,155.6,206.2,155.1,146.3,153.0,151.1,31.2,151.8,152.7,151.5,155.0,155.1,31.7,154.3,154.8,154.3,154.3,206.6,208.6,35.8,17.1,152.1,35.4,23.2,12.2,4.1,20.2,21.0,22.5,21.7,15.3,22.9,16.1,0.0,0.0,0.0,0.0,0.0,0.0,0.0,0.0,0.0,0.0,0.0,0.0,0.0,0.0,0.0,0.0,0.0,0.0,0.0,0.0,0.0,0.0,0.0,0.0,0.0,0.0,0.0,0.0,0.0,0.0,16.0,27.0,41.6,47.9
鸿顺旅店(哈尔滨医大二院店),32.4,36.7,33.7,44.3,34.8,36.8,47.6,30.4,30.3,37.9,32.9,31.0,28.9,27.6,35.0,31.9,26.7,31.9,31.7,25.8,40.4,31.8,23.7,30.5,30.9,28.4,47.0,28.3,25.3,32.1,38.6,30.0,25.3,32.3,23.0,39.6,28.8,32.9,41.2,18.1,22.8,17.4,14.9,27.2,31.2,54.6,19.2,54.8,14.3,13.9,25.5,23.2,12.9,17.0,25.6,25.5,8.8,37.1,22.9,31.4,24.9,46.5,26.4,14.7,26.0,33.4,35.7,23.1,160.3,198.6,159.8,152.4,156.9,154.2,47.0,156.5,156.8,155.7,159.2,159.2,44.1,159.1,159.7,159.2,159.4,199.2,201.3,38.7,21.1,157.9,36.0,22.9,21.6,15.5,22.9,21.2,24.4,31.8,24.9,23.3,25.9,0.0,0.0,0.0,0.0,0.0,0.0,0.0,0.0,0.0,0.0,0.0,0.0,0.0,0.0,0.0,0.0,0.0,0.0,0.0,0.0,0.0,0.0,0.0,0.0,0.0,0.0,0.0,0.0,0.0,0.0,20.6,46.5,54.5,46.5
有房民宿(哈尔滨理工大学店),28.8,42.2,27.8,40.0,30.9,33.1,43.8,25.6,25.7,31.0,27.6,24.6,23.4,22.9,28.1,27.1,21.5,26.4,26.6,20.2,32.2,26.3,18.6,27.9,24.7,23.2,47.9,22.4,20.4,24.1,33.0,23.8,19.7,27.0,18.2,34.0,45.4,27.7,44.4,16.7,20.3,21.1,12.2,21.7,29.7,51.0,18.2,51.0,18.0,17.3,22.5,20.7,19.3,20.6,19.4,20.0,15.4,51.5,17.1,31.1,27.9,48.6,20.3,18.4,22.6,38.9,50.9,18.1,159.8,204.3,159.2,150.7,156.6,155.1,38.2,155.6,156.7,155.5,159.6,159.7,38.2,158.9,159.4,159.1,158.7,204.6,206.6,33.1,19.6,157.7,40.8,18.3,15.3,13.1,17.0,16.1,20.4,20.1,20.9,18.1,18.6,0.0,0.0,0.0,0.0,0.0,0.0,0.0,0.0,0.0,0.0,0.0,0.0,0.0,0.0,0.0,0.0,0.0,0.0,0.0,0.0,0.0,0.0,0.0,0.0,0.0,0.0,0.0,0.0,0.0,0.0,20.3,25.3,46.9,52.4
哈尔滨天吉招待所,33.6,46.1,19.6,45.4,35.8,38.2,31.5,28.0,28.2,17.6,31.0,13.7,10.9,22.9,17.7,30.1,21.4,13.9,8.7,10.1,21.6,17.6,17.3,32.9,13.9,11.5,32.6,4.0,9.8,18.5,19.4,31.0,10.6,11.3,14.6,42.5,56.0,14.8,46.6,16.5,26.9,28.6,24.1,19.2,31.7,45.2,17.0,45.4,30.0,27.9,28.2,18.0,31.4,31.7,13.8,16.4,32.8,61.9,17.8,31.9,31.9,48.9,20.4,26.4,29.8,48.2,62.3,18.0,163.6,204.7,163.1,154.1,159.7,158.3,45.8,159.7,160.4,158.9,162.3,162.5,28.2,161.8,162.1,161.6,161.8,205.3,207.2,21.3,17.8,160.1,50.1,9.4,14.8,23.9,20.6,9.5,19.1,4.4,20.8,8.9,9.8,0.0,0.0,0.0,0.0,0.0,0.0,0.0,0.0,0.0,0.0,0.0,0.0,0.0,0.0,0.0,0.0,0.0,0.0,0.0,0.0,0.0,0.0,0.0,0.0,0.0,0.0,0.0,0.0,0.0,0.0,30.8,25.2,54.5,62.6
秦泉青年旅馆(哈尔滨南岗店),26.6,40.4,19.4,38.5,29.0,30.8,35.1,31.8,31.9,20.7,23.8,16.2,17.1,20.4,20.4,23.3,18.4,20.7,18.4,9.6,29.5,17.7,11.8,25.9,15.6,15.1,37.9,14.0,12.3,15.9,24.9,21.3,9.1,19.8,10.1,31.9,45.2,19.1,36.6,12.6,20.8,24.3,14.7,14.6,22.1,48.4,8.4,48.1,23.8,22.8,20.0,10.5,23.9,24.1,13.3,9.8,19.9,51.5,10.7,23.6,26.7,46.1,13.7,23.9,22.6,36.9,50.6,11.9,153.8,196.2,153.2,144.7,150.2,147.5,38.2,149.3,150.1,148.3,152.2,152.5,34.2,152.3,152.9,152.5,152.7,196.2,198.2,27.4,7.2,150.7,38.0,12.7,8.8,15.4,9.8,9.7,11.2,16.6,14.0,12.8,11.5,0.0,0.0,0.0,0.0,0.0,0.0,0.0,0.0,0.0,0.0,0.0,0.0,0.0,0.0,0.0,0.0,0.0,0.0,0.0,0.0,0.0,0.0,0.0,0.0,0.0,0.0,0.0,0.0,0.0,0.0,26.5,23.4,45.3,52.6
哈尔滨火车站果戈里大街漫心酒店,33.0,47.0,20.1,45.1,35.8,37.5,34.9,32.0,32.1,18.5,28.3,14.8,16.7,23.0,20.4,27.8,21.6,16.1,15.3,10.2,23.2,17.6,10.4,30.8,14.4,10.3,37.5,12.6,12.6,19.5,22.4,25.9,11.9,17.4,11.8,40.5,49.9,15.4,41.7,17.8,25.1,29.3,19.8,16.0,25.5,52.2,18.1,56.2,28.4,28.0,25.1,12.7,29.1,29.1,13.3,10.8,24.8,56.4,15.3,26.1,31.8,55.2,18.5,25.1,27.2,46.6,56.1,16.4,158.6,201.2,158.2,149.5,155.1,153.6,43.1,154.7,155.3,153.7,157.5,157.5,33.2,157.2,157.6,157.1,157.5,201.1,203.1,26.5,11.3,155.7,48.9,11.8,13.6,20.1,15.3,4.6,13.6,11.9,18.5,12.0,10.9,0.0,0.0,0.0,0.0,0.0,0.0,0.0,0.0,0.0,0.0,0.0,0.0,0.0,0.0,0.0,0.0,0.0,0.0,0.0,0.0,0.0,0.0,0.0,0.0,0.0,0.0,0.0,0.0,0.0,0.0,30.1,26.9,55.9,62.7
哈尔滨天翼快捷宾馆,34.6,48.8,23.4,46.4,37.3,38.9,31.9,32.7,32.9,22.1,35.0,17.4,14.7,26.6,19.1,34.0,25.0,17.2,11.7,11.0,23.7,14.5,10.7,36.6,17.3,10.4,34.2,8.1,11.7,20.5,23.5,34.5,11.7,14.5,11.1,41.5,49.9,12.0,42.4,18.4,30.2,30.3,24.9,14.9,26.6,49.0,18.2,49.0,29.0,28.8,32.4,12.6,30.2,29.9,17.9,10.5,26.1,55.6,15.3,27.5,36.1,51.1,18.5,28.2,33.7,48.0,55.8,16.8,158.4,200.8,158.1,148.2,155.1,153.9,49.6,154.6,155.2,153.6,156.9,157.2,30.1,157.1,157.6,157.0,157.3,200.6,202.4,23.2,12.6,156.0,50.2,8.5,18.7,24.5,15.6,2.9,14.6,8.4,24.6,8.8,13.4,0.0,0.0,0.0,0.0,0.0,0.0,0.0,0.0,0.0,0.0,0.0,0.0,0.0,0.0,0.0,0.0,0.0,0.0,0.0,0.0,0.0,0.0,0.0,0.0,0.0,0.0,0.0,0.0,0.0,0.0,28.7,21.7,47.8,54.3
顺心旅店(哈尔滨海城市场店),29.3,42.8,18.8,41.5,32.1,33.9,33.8,31.8,32.0,20.8,25.0,14.7,17.5,21.5,20.1,24.4,19.4,16.9,17.3,9.8,21.8,16.9,9.3,27.1,14.1,13.1,36.4,12.7,11.0,16.4,22.1,22.6,9.1,18.6,8.8,37.0,47.0,17.4,38.1,13.4,21.6,25.9,15.9,13.6,24.5,52.9,10.6,52.6,25.4,24.4,21.4,11.2,25.4,25.6,13.1,9.9,20.9,53.2,11.6,25.7,25.9,51.8,14.6,21.5,23.9,42.2,52.8,12.7,155.4,197.4,155.1,146.5,152.0,150.1,39.5,151.1,151.8,150.0,154.0,154.2,32.4,154.1,154.6,154.2,154.4,197.4,199.4,25.1,8.0,152.0,44.8,10.3,9.7,17.2,14.7,8.8,12.9,15.3,15.0,10.7,10.3,0.0,0.0,0.0,0.0,0.0,0.0,0.0,0.0,0.0,0.0,0.0,0.0,0.0,0.0,0.0,0.0,0.0,0.0,0.0,0.0,0.0,0.0,0.0,0.0,0.0,0.0,0.0,0.0,0.0,0.0,26.3,25.4,45.3,52.2
哈尔滨合欣旅店,23.2,36.6,13.7,35.1,26.0,27.8,38.0,20.1,20.1,17.4,19.4,10.5,23.4,20.5,20.5,18.9,13.8,16.1,23.1,16.8,24.5,31.3,19.5,22.5,9.4,20.0,46.0,12.3,23.1,14.1,20.0,20.1,12.2,19.3,17.8,30.6,54.6,29.8,45.9,10.5,17.6,25.9,19.9,22.1,30.9,45.4,14.7,46.0,24.3,22.2,17.8,23.1,23.4,24.6,7.2,21.0,24.0,61.3,6.9,32.7,21.5,44.8,8.2,19.8,19.6,35.7,60.0,8.5,163.2,204.4,162.7,154.3,159.8,156.6,34.9,158.9,159.6,158.1,162.7,162.6,36.0,162.6,163.1,162.8,163.0,205.0,206.9,37.2,15.6,159.7,37.7,22.8,8.4,18.9,18.2,18.8,24.5,21.0,9.8,22.3,7.3,0.0,0.0,0.0,0.0,0.0,0.0,0.0,0.0,0.0,0.0,0.0,0.0,0.0,0.0,0.0,0.0,0.0,0.0,0.0,0.0,0.0,0.0,0.0,0.0,0.0,0.0,0.0,0.0,0.0,0.0,18.9,38.1,36.1,43.9
哈尔滨尚志旅社,31.8,45.6,14.7,43.1,34.0,35.9,42.6,29.0,29.2,11.7,25.0,7.4,19.9,22.9,22.4,24.5,15.1,13.7,16.9,3.7,25.1,22.2,15.8,28.1,6.9,12.7,43.3,7.3,16.6,12.7,22.7,25.9,6.1,26.6,15.1,38.8,54.4,21.8,44.6,9.3,21.9,20.5,18.2,18.7,29.4,54.2,10.7,54.6,18.9,18.2,22.9,16.0,21.7,20.7,11.1,14.2,21.8,59.5,11.6,29.7,26.1,53.4,15.7,17.5,25.0,45.1,59.1,13.9,161.8,202.6,161.8,153.2,158.5,156.6,41.5,157.3,158.1,156.8,160.6,161.0,45.5,160.6,160.8,160.7,160.9,202.8,204.8,31.9,15.2,157.8,46.9,14.9,10.8,18.8,18.8,11.7,17.1,11.8,15.6,16.9,9.1,0.0,0.0,0.0,0.0,0.0,0.0,0.0,0.0,0.0,0.0,0.0,0.0,0.0,0.0,0.0,0.0,0.0,0.0,0.0,0.0,0.0,0.0,0.0,0.0,0.0,0.0,0.0,0.0,0.0,0.0,32.9,35.7,53.5,61.4
顺航宾馆(哈尔滨太平国际机场店),58.0,37.1,45.5,68.4,60.2,60.9,52.4,52.9,53.3,52.1,42.1,42.8,57.0,51.1,53.0,41.8,50.4,53.1,57.4,43.5,58.5,49.5,47.2,32.3,41.6,54.3,51.1,45.3,49.1,44.3,55.4,32.1,41.7,52.5,46.5,63.2,51.6,56.8,61.6,34.8,32.9,39.6,42.7,50.1,50.8,50.6,40.8,50.5,39.7,36.8,34.8,45.7,38.2,39.9,40.2,48.7,32.9,51.5,38.3,51.2,28.7,39.0,42.0,34.8,25.6,32.0,53.5,30.3,170.7,208.7,170.7,161.7,167.8,166.5,9.3,167.3,167.9,166.3,169.9,170.0,47.0,170.1,170.7,170.1,170.3,209.1,211.1,49.0,42.4,168.8,36.4,48.1,34.2,39.2,44.5,45.4,46.6,54.9,32.5,47.7,39.4,0.0,0.0,0.0,0.0,0.0,0.0,0.0,0.0,0.0,0.0,0.0,0.0,0.0,0.0,0.0,0.0,0.0,0.0,0.0,0.0,0.0,0.0,0.0,0.0,0.0,0.0,0.0,0.0,0.0,0.0,31.7,59.8,47.2,18.6
哈尔滨香坊金沙时尚快捷宾馆,31.4,45.2,28.1,43.1,33.5,35.2,36.7,28.0,28.2,27.1,29.7,22.9,24.9,26.4,27.3,28.7,24.7,23.7,24.4,18.4,30.4,19.7,12.5,30.6,22.5,20.9,34.1,19.8,19.3,25.2,30.9,26.1,19.7,26.9,10.5,36.7,33.0,21.7,32.6,18.5,26.6,31.7,19.9,10.8,17.9,52.7,17.2,53.3,30.5,30.1,25.2,10.3,31.7,31.1,20.5,11.6,27.4,40.5,20.5,19.1,30.0,51.4,24.2,26.0,28.4,41.4,36.1,19.1,151.2,194.7,150.8,142.7,147.7,146.2,43.7,146.8,147.5,145.8,149.8,149.9,39.1,149.9,150.3,149.9,150.1,195.1,197.1,31.3,15.1,148.7,43.4,20.5,20.1,20.5,8.1,17.5,9.0,23.3,21.2,20.6,18.7,0.0,0.0,0.0,0.0,0.0,0.0,0.0,0.0,0.0,0.0,0.0,0.0,0.0,0.0,0.0,0.0,0.0,0.0,0.0,0.0,0.0,0.0,0.0,0.0,0.0,0.0,0.0,0.0,0.0,0.0,32.7,18.5,52.6,59.3
哈尔滨喜光主题小宾馆,31.1,44.7,28.1,42.0,32.7,34.4,45.5,28.0,26.7,26.1,27.9,21.5,30.2,24.5,26.0,26.4,22.5,21.9,28.2,16.9,28.9,21.0,14.1,28.5,21.1,19.8,34.8,18.8,20.4,22.0,29.1,24.0,18.4,26.0,11.4,34.5,35.0,23.1,34.6,17.5,24.7,30.1,18.4,12.1,19.1,50.5,13.2,50.5,28.8,28.1,22.9,9.1,29.2,29.2,19.3,10.9,24.8,42.2,17.0,20.1,28.4,49.0,20.0,24.7,26.2,39.7,39.6,17.9,153.0,196.3,152.9,144.9,149.8,148.4,41.2,148.9,149.6,148.1,151.9,152.0,37.1,152.6,153.2,152.6,152.7,196.8,198.8,35.3,8.4,150.8,40.7,19.5,15.0,18.5,2.6,15.8,9.4,21.8,20.0,20.4,17.5,0.0,0.0,0.0,0.0,0.0,0.0,0.0,0.0,0.0,0.0,0.0,0.0,0.0,0.0,0.0,0.0,0.0,0.0,0.0,0.0,0.0,0.0,0.0,0.0,0.0,0.0,0.0,0.0,0.0,0.0,26.2,18.6,45.2,52.9
哈尔滨金帝宾馆,20.9,31.0,21.0,29.2,19.8,21.7,32.0,16.4,16.5,26.1,15.5,18.0,33.6,19.7,27.9,16.0,12.9,26.1,32.2,20.0,26.4,26.5,26.4,15.8,16.9,26.9,49.5,21.0,27.6,18.3,24.9,9.3,19.0,27.7,24.5,25.6,44.9,35.0,47.4,10.2,8.4,23.5,13.7,30.0,33.1,41.0,13.2,40.5,22.0,19.9,7.8,23.7,19.6,21.5,17.2,26.8,20.7,47.8,11.5,34.1,14.4,38.5,15.2,17.5,16.6,29.4,53.0,7.4,160.4,203.5,159.2,151.0,156.6,154.7,31.8,156.4,157.1,156.1,160.1,160.2,27.9,159.4,159.8,159.4,159.5,203.3,205.3,31.9,21.1,156.8,30.9,25.8,10.9,13.0,23.1,23.7,25.3,28.1,7.6,31.5,17.4,0.0,0.0,0.0,0.0,0.0,0.0,0.0,0.0,0.0,0.0,0.0,0.0,0.0,0.0,0.0,0.0,0.0,0.0,0.0,0.0,0.0,0.0,0.0,0.0,0.0,0.0,0.0,0.0,0.0,0.0,16.6,32.3,36.7,45.6
自然空间休闲宾馆(哈尔滨巴洛克极乐寺店),35.1,42.9,26.3,47.4,37.9,39.6,25.9,29.7,30.6,17.4,31.3,15.2,9.9,29.9,19.1,30.6,27.5,15.3,11.5,16.6,24.7,16.4,14.2,33.6,15.0,18.0,28.1,10.0,8.9,25.6,23.1,28.0,17.2,10.8,13.6,42.5,51.7,13.3,43.3,18.4,26.6,30.9,21.0,17.9,28.3,42.2,16.7,42.2,29.9,29.6,26.8,16.5,30.7,30.7,15.1,16.7,26.4,58.6,16.7,30.2,34.8,44.4,19.2,26.6,28.8,41.0,57.7,17.8,160.3,202.4,160.0,150.5,156.5,155.0,45.0,156.1,157.0,155.2,158.9,159.0,24.1,158.4,159.0,158.5,158.7,202.6,204.6,18.0,17.8,157.1,42.6,9.1,14.7,21.4,21.1,10.3,17.4,9.9,20.2,2.2,15.2,0.0,0.0,0.0,0.0,0.0,0.0,0.0,0.0,0.0,0.0,0.0,0.0,0.0,0.0,0.0,0.0,0.0,0.0,0.0,0.0,0.0,0.0,0.0,0.0,0.0,0.0,0.0,0.0,0.0,0.0,40.4,20.9,44.3,67.4
君康日租公寓(中华巴洛克风情街店),41.5,47.1,24.9,55.0,44.8,46.3,29.4,29.2,29.7,13.1,41.7,14.8,3.5,28.5,14.1,40.2,24.6,10.6,11.1,14.4,21.8,22.5,20.1,42.5,14.3,16.1,31.8,9.0,14.4,21.5,20.0,40.8,15.5,6.9,19.2,50.0,58.0,16.4,49.5,20.6,30.2,36.4,27.5,23.5,34.1,45.6,22.2,45.9,34.1,32.1,38.8,21.9,33.0,34.2,14.9,18.5,32.6,64.5,22.1,36.0,34.4,48.6,23.9,29.9,36.8,45.1,64.2,24.9,164.0,205.4,163.7,154.7,160.4,159.1,52.2,160.1,160.8,159.1,162.9,162.9,27.9,162.3,162.9,162.4,162.7,205.6,207.5,20.9,19.4,160.8,46.4,9.3,19.1,27.3,21.5,15.9,23.0,10.0,25.9,4.3,14.6,0.0,0.0,0.0,0.0,0.0,0.0,0.0,0.0,0.0,0.0,0.0,0.0,0.0,0.0,0.0,0.0,0.0,0.0,0.0,0.0,0.0,0.0,0.0,0.0,0.0,0.0,0.0,0.0,0.0,0.0,31.8,25.2,65.5,60.7
太阳岛宾馆(太阳大道),23.4,39.9,29.8,26.8,8.7,10.9,41.1,27.6,27.9,36.4,26.5,34.7,59.1,26.3,37.4,26.4,25.4,39.8,49.2,36.5,36.6,40.8,39.1,34.2,36.5,48.5,67.7,42.0,43.5,31.6,36.9,32.1,36.1,54.8,38.2,17.2,71.2,48.1,60.1,26.4,27.4,42.9,33.7,39.6,44.7,48.8,30.6,49.2,40.5,38.5,25.1,35.7,39.6,41.4,32.5,39.4,41.8,66.2,27.7,48.4,34.6,49.0,24.1,37.9,34.1,39.5,65.3,23.2,168.2,211.6,166.7,158.4,164.3,162.5,49.5,164.3,164.8,163.5,166.7,166.5,38.8,166.0,167.3,166.2,166.5,212.4,214.3,42.2,34.6,164.4,42.0,40.8,27.0,35.4,36.6,37.8,38.9,42.6,24.7,55.5,32.0,0.0,0.0,0.0,0.0,0.0,0.0,0.0,0.0,0.0,0.0,0.0,0.0,0.0,0.0,0.0,0.0,0.0,0.0,0.0,0.0,0.0,0.0,0.0,0.0,0.0,0.0,0.0,0.0,0.0,0.0,29.1,41.0,26.7,65.3
北舍民宿(哈尔滨北岸明珠龙湾店),18.7,19.2,24.7,23.1,13.7,15.4,21.0,23.5,23.6,31.8,22.7,31.4,59.5,23.4,33.3,22.1,21.3,36.0,37.5,31.0,32.4,35.0,32.8,22.0,30.4,41.5,35.3,33.9,35.2,23.9,30.0,22.6,29.4,50.8,32.4,20.6,48.8,35.0,55.7,22.1,22.7,38.4,29.4,36.2,41.2,27.2,27.1,26.9,36.3,34.6,22.3,32.5,28.9,36.4,27.1,34.8,29.1,48.4,21.5,42.0,22.1,25.2,18.4,31.4,21.7,16.2,53.3,18.6,170.2,211.4,169.2,160.4,166.2,164.3,37.9,165.4,166.0,164.7,168.4,169.0,14.1,168.8,169.1,168.2,168.4,211.1,212.9,17.6,28.8,166.2,18.4,35.1,22.1,28.7,31.5,32.5,33.6,37.7,20.6,33.0,26.9,0.0,0.0,0.0,0.0,0.0,0.0,0.0,0.0,0.0,0.0,0.0,0.0,0.0,0.0,0.0,0.0,0.0,0.0,0.0,0.0,0.0,0.0,0.0,0.0,0.0,0.0,0.0,0.0,0.0,0.0,29.6,41.9,22.1,47.6
雅舍青旅(哈尔滨松北区融创茂店),25.6,5.4,34.4,33.4,23.9,25.5,27.6,32.6,32.9,41.3,23.5,41.2,67.6,33.5,43.0,23.6,30.6,45.4,45.5,40.3,41.7,48.4,42.0,20.2,40.1,51.4,43.9,43.4,42.2,33.8,39.9,21.1,39.6,61.0,42.2,27.8,47.5,43.0,56.1,31.7,26.7,32.2,39.1,45.6,45.8,35.7,36.4,35.6,31.0,31.8,23.5,41.5,27.9,32.0,36.5,44.1,28.0,47.5,30.8,45.3,20.9,13.0,27.8,31.7,20.9,2.5,52.0,27.7,163.6,199.9,163.7,155.4,160.7,159.2,28.9,160.3,160.8,159.1,163.1,163.2,21.7,163.3,163.6,163.3,163.5,200.5,202.6,26.2,37.7,161.6,4.7,42.2,30.7,38.3,40.8,41.9,43.0,47.0,29.5,39.9,36.1,0.0,0.0,0.0,0.0,0.0,0.0,0.0,0.0,0.0,0.0,0.0,0.0,0.0,0.0,0.0,0.0,0.0,0.0,0.0,0.0,0.0,0.0,0.0,0.0,0.0,0.0,0.0,0.0,0.0,0.0,28.0,47.5,29.1,40.0
哈尔滨太阳岛花园酒店,15.0,25.3,21.7,21.1,12.6,15.0,26.1,20.5,22.6,30.7,19.8,28.5,54.3,20.3,30.4,18.3,18.2,32.8,41.0,28.0,29.9,32.8,30.9,25.1,28.1,38.6,41.6,31.7,33.0,21.6,27.4,21.3,27.0,47.6,29.6,18.4,65.3,40.3,52.7,19.1,19.8,35.6,27.0,33.7,38.6,33.1,24.4,33.0,33.8,31.8,18.8,29.5,31.6,33.4,24.5,32.1,31.9,56.0,18.1,39.1,25.2,31.8,15.1,28.1,25.4,23.6,57.5,15.6,167.2,207.2,166.3,158.0,163.2,161.8,41.4,162.3,163.2,162.0,165.9,165.9,21.4,165.2,165.8,165.3,165.5,207.4,209.4,25.5,25.3,163.5,24.5,31.0,18.2,24.9,27.9,28.6,30.0,34.1,16.8,47.7,23.0,0.0,0.0,0.0,0.0,0.0,0.0,0.0,0.0,0.0,0.0,0.0,0.0,0.0,0.0,0.0,0.0,0.0,0.0,0.0,0.0,0.0,0.0,0.0,0.0,0.0,0.0,0.0,0.0,0.0,0.0,25.1,37.2,28.6,61.0
哈尔滨站,26.9,39.5,13.9,39.2,29.3,31.4,37.0,24.7,24.9,12.0,24.5,8.1,15.1,21.3,13.9,23.8,14.7,9.8,15.1,7.2,17.1,24.4,12.6,26.1,7.9,13.3,38.1,6.3,15.8,12.3,15.4,23.9,9.0,12.0,14.1,35.3,52.6,22.2,46.5,12.3,20.4,27.2,21.6,15.7,26.3,50.6,14.1,50.5,25.2,23.2,21.7,12.7,23.3,24.4,6.5,11.1,24.6,58.0,12.7,26.5,25.0,49.9,13.6,20.4,22.9,42.0,50.8,11.8,162.9,206.3,162.8,154.4,160.1,158.8,39.4,159.5,160.0,158.7,162.1,162.3,35.4,162.1,162.4,162.0,162.2,206.6,208.6,28.9,12.4,160.8,43.7,15.3,9.1,20.9,15.6,8.4,13.9,11.5,14.3,14.8,3.2,0.0,0.0,0.0,0.0,0.0,0.0,0.0,0.0,0.0,0.0,0.0,0.0,0.0,0.0,0.0,0.0,0.0,0.0,0.0,0.0,0.0,0.0,0.0,0.0,0.0,0.0,0.0,0.0,0.0,0.0,22.2,34.0,51.5,56.7
哈尔滨西站,26.7,31.7,28.2,39.2,29.7,31.5,41.6,24.6,24.8,33.9,19.3,25.8,37.2,22.6,30.0,22.4,21.3,33.5,39.4,25.4,39.5,32.0,30.1,17.5,24.4,32.2,52.2,28.1,31.8,26.6,36.8,16.3,24.6,33.1,29.1,34.6,40.8,39.6,48.7,15.8,13.4,12.3,18.6,32.9,37.6,50.6,20.4,50.6,9.6,10.1,18.5,28.8,8.8,11.9,20.6,31.6,10.7,40.9,20.4,39.0,10.8,33.6,24.0,12.2,11.6,27.6,44.8,14.1,166.3,204.9,166.2,158.1,163.2,161.8,27.1,162.8,163.2,161.8,165.5,165.9,38.0,166.0,166.2,165.6,165.8,206.0,208.0,40.6,24.8,164.4,30.5,30.7,18.0,18.5,27.5,28.3,29.6,32.1,16.5,35.2,20.8,20.5,17.6,18.9,19.0,23.8,22.8,27.4,29.6,19.5,16.0,20.6,20.3,30.8,26.5,30.1,28.7,26.3,18.9,32.9,31.7,32.7,26.2,16.6,40.4,31.8,29.1,29.6,28.0,25.1,22.2,0.0,0.0,0.0,0.0
哈尔滨东站,43.8,50.9,40.8,54.4,45.1,46.9,31.8,44.1,44.3,37.3,41.4,35.6,30.1,43.7,35.5,42.0,42.9,36.2,23.6,29.1,39.8,16.0,23.7,42.9,34.3,29.5,29.4,25.4,21.5,38.2,37.1,37.1,29.6,27.8,22.1,47.6,50.2,16.1,42.8,29.8,39.3,44.6,32.8,22.7,27.1,53.5,36.9,54.1,42.5,40.9,35.9,20.1,42.0,41.9,32.4,21.6,38.9,56.5,31.9,27.6,40.8,55.8,34.8,36.5,38.5,47.8,51.7,28.5,162.9,205.3,163.2,154.9,160.4,158.6,55.8,157.7,158.3,156.9,161.7,161.7,35.3,163.0,163.2,163.1,163.4,206.4,207.8,27.5,21.1,159.9,49.6,19.1,28.9,29.1,20.7,21.2,19.1,21.8,30.9,22.0,30.2,31.6,38.6,29.3,38.6,31.1,32.8,41.0,26.5,32.2,27.0,46.5,25.3,25.2,23.4,26.9,21.7,25.4,38.1,35.7,59.8,18.5,18.6,32.3,20.9,25.2,41.0,41.9,47.5,37.2,34.0,0.0,0.0,0.0,0.0
哈尔滨北站,27.8,27.2,38.2,35.2,26.1,28.4,34.4,38.7,38.5,47.6,37.3,47.4,76.7,37.6,48.3,34.3,34.5,51.2,51.5,45.5,46.5,50.0,48.0,36.2,45.2,56.7,33.4,48.9,49.0,38.5,45.8,38.6,44.0,67.7,47.5,31.2,84.8,49.7,71.8,36.2,36.9,55.0,45.2,53.0,57.5,15.9,41.9,15.5,53.1,51.0,36.2,48.3,51.2,53.3,42.8,52.2,46.5,64.4,37.1,58.3,36.8,23.3,33.4,48.2,36.6,28.4,69.5,33.4,184.0,213.2,183.5,174.7,180.8,178.7,43.4,180.0,180.3,179.2,182.7,182.6,23.0,181.7,182.7,181.9,182.1,213.4,215.3,28.3,44.7,179.8,28.5,48.0,36.5,44.9,45.8,47.4,48.9,52.1,34.4,45.5,41.6,40.3,36.0,30.6,38.4,44.8,43.7,43.7,55.1,44.1,41.6,54.5,46.9,54.5,45.3,55.9,47.8,45.3,36.1,53.5,47.2,52.6,45.2,36.7,44.3,65.5,26.7,22.1,29.1,28.6,51.5,0.0,0.0,0.0,0.0
哈尔滨太平国际机场,65.6,45.9,54.7,78.3,69.3,70.0,60.9,62.3,62.6,62.0,51.7,51.7,67.2,60.3,61.6,50.4,59.2,63.2,65.7,51.5,69.1,57.8,55.7,39.9,50.3,62.6,60.6,55.0,58.7,54.1,67.4,41.2,51.4,62.6,56.5,72.4,65.0,67.4,70.5,44.6,42.7,51.0,53.3,61.1,60.3,62.6,51.8,61.4,50.2,46.8,44.4,56.0,47.5,49.0,49.7,58.6,41.8,56.8,47.6,60.6,37.5,48.1,51.5,44.1,34.5,40.8,64.8,39.5,179.2,217.0,179.2,170.1,176.4,175.0,11.9,176.1,176.7,174.8,178.5,178.8,55.8,178.9,179.2,178.9,179.1,217.9,219.8,58.4,51.7,177.5,45.5,57.4,43.1,48.5,54.0,54.5,56.0,64.9,41.3,56.8,48.4,46.2,42.8,56.5,44.7,49.9,50.6,54.1,62.3,40.1,47.9,46.5,52.4,62.6,52.6,62.7,54.3,52.2,43.9,61.4,18.6,59.3,52.9,45.6,67.4,60.7,65.3,47.6,40.0,61.0,56.7,0.0,0.0,0.0,0.0
